timestamp,value
2018-12-09T00:00:00Z,4.0
2018-12-09T00:25:00Z,8.0
2018-12-09T00:30:00Z,7.0
2018-12-09T00:35:00Z,1.0
2018-12-09T01:20:00Z,2.0
2018-12-09T02:20:00Z,1.0
2018-12-09T02:55:00Z,3.0
2018-12-09T03:10:00Z,5.0
2018-12-09T03:15:00Z,90.0
2018-12-09T03:20:00Z,49.0
2018-12-09T03:25:00Z,11.0
2018-12-09T03:30:00Z,3.0
2018-12-09T03:35:00Z,5.0
2018-12-09T03:40:00Z,1.0
2018-12-09T03:45:00Z,1.0
2018-12-09T04:00:00Z,1.0
2018-12-09T04:45:00Z,3.0
2018-12-09T04:50:00Z,51.0
2018-12-09T04:55:00Z,2.0
2018-12-09T05:30:00Z,4.0
2018-12-09T06:05:00Z,1.0
2018-12-09T06:10:00Z,1.0
2018-12-09T06:55:00Z,1.0
2018-12-09T07:00:00Z,1.0
2018-12-09T07:25:00Z,48.0
2018-12-09T07:30:00Z,26.0
2018-12-09T07:35:00Z,15.0
2018-12-09T07:40:00Z,7.0
2018-12-09T07:55:00Z,1.0
2018-12-09T09:00:00Z,2.0
2018-12-09T09:05:00Z,2.0
2018-12-09T09:10:00Z,3.0
2018-12-09T09:15:00Z,2.0
2018-12-09T09:20:00Z,1.0
2018-12-09T09:25:00Z,52.0
2018-12-09T09:30:00Z,112.0
2018-12-09T09:45:00Z,2.0
2018-12-09T09:50:00Z,1.0
2018-12-09T10:00:00Z,19.0
2018-12-09T10:05:00Z,21.0
2018-12-09T10:10:00Z,1.0
2018-12-09T10:55:00Z,6.0
2018-12-09T11:00:00Z,3.0
2018-12-09T11:05:00Z,9.0
2018-12-09T11:10:00Z,31.0
2018-12-09T11:15:00Z,1.0
2018-12-09T11:20:00Z,5.0
2018-12-09T11:25:00Z,40.0
2018-12-09T11:30:00Z,39.0
2018-12-09T11:35:00Z,12.0
2018-12-09T11:40:00Z,15.0
2018-12-09T11:45:00Z,1.0
2018-12-09T11:50:00Z,3.0
2018-12-09T11:55:00Z,2.0
2018-12-09T12:00:00Z,2.0
2018-12-09T12:40:00Z,3.0
2018-12-09T13:35:00Z,3.0
2018-12-09T13:40:00Z,18.0
2018-12-09T13:45:00Z,21.0
2018-12-09T14:15:00Z,1.0
2018-12-09T14:25:00Z,1.0
2018-12-09T14:30:00Z,1.0
2018-12-09T14:40:00Z,1.0
2018-12-09T14:50:00Z,1.0
2018-12-09T14:55:00Z,1.0
2018-12-09T15:00:00Z,1.0
2018-12-09T15:15:00Z,1.0
2018-12-09T15:25:00Z,2.0
2018-12-09T16:20:00Z,1.0
2018-12-09T17:35:00Z,4.0
2018-12-09T17:40:00Z,17.0
2018-12-09T17:45:00Z,15.0
2018-12-09T18:10:00Z,1.0
2018-12-09T18:35:00Z,1.0
2018-12-09T18:40:00Z,8.0
2018-12-09T18:45:00Z,18.0
2018-12-09T18:50:00Z,1.0
2018-12-09T18:55:00Z,2.0
2018-12-09T19:00:00Z,12.0
2018-12-09T19:05:00Z,6.0
2018-12-09T19:20:00Z,1.0
2018-12-09T19:35:00Z,1.0
2018-12-09T19:40:00Z,4.0
2018-12-09T19:45:00Z,11.0
2018-12-09T20:25:00Z,5.0
2018-12-09T20:30:00Z,3.0
2018-12-09T20:40:00Z,30.0
2018-12-09T20:45:00Z,18.0
2018-12-09T20:55:00Z,1.0
2018-12-09T21:15:00Z,1.0
2018-12-09T21:30:00Z,1.0
2018-12-09T22:55:00Z,1.0
2018-12-09T23:00:00Z,18.0
2018-12-09T23:05:00Z,1.0
2018-12-09T23:10:00Z,1.0
2018-12-09T23:35:00Z,1.0
2018-12-09T23:45:00Z,1.0
2018-12-10T01:55:00Z,2.0
2018-12-10T02:30:00Z,25.0
2018-12-10T02:45:00Z,6.0
2018-12-10T02:50:00Z,27.0
2018-12-10T02:55:00Z,2.0
2018-12-10T03:00:00Z,14.0
2018-12-10T03:05:00Z,4.0
2018-12-10T03:25:00Z,1.0
2018-12-10T03:30:00Z,2.0
2018-12-10T03:35:00Z,17.0
2018-12-10T03:40:00Z,25.0
2018-12-10T03:45:00Z,44.0
2018-12-10T03:50:00Z,17.0
2018-12-10T03:55:00Z,13.0
2018-12-10T04:00:00Z,15.0
2018-12-10T04:05:00Z,12.0
2018-12-10T04:10:00Z,9.0
2018-12-10T04:15:00Z,9.0
2018-12-10T04:20:00Z,9.0
2018-12-10T04:25:00Z,23.0
2018-12-10T04:30:00Z,38.0
2018-12-10T04:35:00Z,149.0
2018-12-10T04:40:00Z,30.0
2018-12-10T05:15:00Z,1.0
2018-12-10T06:00:00Z,16.0
2018-12-10T06:25:00Z,1.0
2018-12-10T06:55:00Z,3.0
2018-12-10T07:00:00Z,2.0
2018-12-10T07:10:00Z,1.0
2018-12-10T07:30:00Z,2.0
2018-12-10T07:35:00Z,2.0
2018-12-10T07:50:00Z,2.0
2018-12-10T08:05:00Z,1.0
2018-12-10T08:20:00Z,1.0
2018-12-10T08:45:00Z,4.0
2018-12-10T08:50:00Z,1.0
2018-12-10T09:00:00Z,3.0
2018-12-10T09:05:00Z,1.0
2018-12-10T09:10:00Z,1.0
2018-12-10T09:15:00Z,1.0
2018-12-10T10:25:00Z,1.0
2018-12-10T10:30:00Z,14.0
2018-12-10T10:35:00Z,2.0
2018-12-10T10:45:00Z,1.0
2018-12-10T10:55:00Z,6.0
2018-12-10T11:00:00Z,30.0
2018-12-10T11:05:00Z,4.0
2018-12-10T11:15:00Z,3.0
2018-12-10T11:20:00Z,3.0
2018-12-10T11:30:00Z,1.0
2018-12-10T12:05:00Z,6.0
2018-12-10T12:10:00Z,1.0
2018-12-10T12:40:00Z,2.0
2018-12-10T13:25:00Z,5.0
2018-12-10T13:30:00Z,8.0
2018-12-10T13:35:00Z,16.0
2018-12-10T13:40:00Z,16.0
2018-12-10T13:45:00Z,3.0
2018-12-10T13:50:00Z,1.0
2018-12-10T13:55:00Z,6.0
2018-12-10T14:00:00Z,1.0
2018-12-10T14:20:00Z,1.0
2018-12-10T14:25:00Z,1.0
2018-12-10T14:50:00Z,2.0
2018-12-10T15:00:00Z,3.0
2018-12-10T15:10:00Z,10.0
2018-12-10T15:15:00Z,11.0
2018-12-10T15:20:00Z,4.0
2018-12-10T15:25:00Z,1.0
2018-12-10T15:30:00Z,5.0
2018-12-10T15:35:00Z,13.0
2018-12-10T15:40:00Z,8.0
2018-12-10T15:45:00Z,1.0
2018-12-10T16:00:00Z,1.0
2018-12-10T16:05:00Z,1.0
2018-12-10T16:10:00Z,1.0
2018-12-10T16:15:00Z,5.0
2018-12-10T16:20:00Z,18.0
2018-12-10T16:25:00Z,18.0
2018-12-10T16:30:00Z,4.0
2018-12-10T16:35:00Z,1.0
2018-12-10T17:10:00Z,25.0
2018-12-10T17:15:00Z,77.0
2018-12-10T17:20:00Z,138.0
2018-12-10T17:25:00Z,143.0
2018-12-10T17:30:00Z,97.0
2018-12-10T17:35:00Z,24.0
2018-12-10T17:40:00Z,1.0
2018-12-10T17:45:00Z,5.0
2018-12-10T17:50:00Z,52.0
2018-12-10T17:55:00Z,6.0
2018-12-10T18:05:00Z,31.0
2018-12-10T18:10:00Z,37.0
2018-12-10T18:15:00Z,4.0
2018-12-10T18:20:00Z,1.0
2018-12-10T18:25:00Z,1.0
2018-12-10T19:00:00Z,2.0
2018-12-10T19:15:00Z,2.0
2018-12-10T19:45:00Z,1.0
2018-12-10T20:15:00Z,2.0
2018-12-10T20:20:00Z,14.0
2018-12-10T20:25:00Z,32.0
2018-12-10T20:30:00Z,10.0
2018-12-10T20:35:00Z,2.0
2018-12-10T20:40:00Z,14.0
2018-12-10T20:45:00Z,9.0
2018-12-10T20:50:00Z,2.0
2018-12-10T21:55:00Z,4.0
2018-12-10T22:25:00Z,1.0
2018-12-10T23:00:00Z,1.0
2018-12-10T23:05:00Z,16.0
2018-12-10T23:10:00Z,82.0
2018-12-10T23:15:00Z,20.0
2018-12-11T00:15:00Z,2.0
2018-12-11T00:50:00Z,1.0
2018-12-11T01:30:00Z,1.0
2018-12-11T02:00:00Z,1.0
2018-12-11T02:55:00Z,1.0
2018-12-11T03:00:00Z,1.0
2018-12-11T03:05:00Z,1.0
2018-12-11T03:40:00Z,5.0
2018-12-11T03:45:00Z,37.0
2018-12-11T04:20:00Z,8.0
2018-12-11T04:25:00Z,4.0
2018-12-11T05:30:00Z,1.0
2018-12-11T08:05:00Z,1.0
2018-12-11T08:30:00Z,1.0
2018-12-11T08:35:00Z,3.0
2018-12-11T08:45:00Z,1.0
2018-12-11T09:05:00Z,24.0
2018-12-11T09:10:00Z,7.0
2018-12-11T09:35:00Z,1.0
2018-12-11T09:40:00Z,1.0
2018-12-11T10:05:00Z,1.0
2018-12-11T11:05:00Z,2.0
2018-12-11T11:50:00Z,1.0
2018-12-11T12:00:00Z,32.0
2018-12-11T12:05:00Z,23.0
2018-12-11T12:25:00Z,1.0
2018-12-11T13:30:00Z,1.0
2018-12-11T14:20:00Z,12.0
2018-12-11T15:00:00Z,2.0
2018-12-11T15:05:00Z,6.0
2018-12-11T15:10:00Z,4.0
2018-12-11T15:15:00Z,7.0
2018-12-11T15:20:00Z,58.0
2018-12-11T15:25:00Z,1.0
2018-12-11T15:30:00Z,1.0
2018-12-11T15:45:00Z,1.0
2018-12-11T15:55:00Z,1.0
2018-12-11T16:55:00Z,1.0
2018-12-11T17:05:00Z,1.0
2018-12-11T17:40:00Z,2.0
2018-12-11T17:45:00Z,3.0
2018-12-11T17:55:00Z,1.0
2018-12-11T19:10:00Z,2.0
2018-12-11T22:25:00Z,1.0
2018-12-11T23:10:00Z,1.0
2018-12-11T23:30:00Z,1.0
2018-12-12T00:15:00Z,1.0
2018-12-12T00:45:00Z,1.0
2018-12-12T07:50:00Z,1.0
2018-12-12T07:55:00Z,1.0
2018-12-12T08:00:00Z,1.0
2018-12-12T08:05:00Z,4.0
2018-12-12T08:10:00Z,1.0
2018-12-12T08:15:00Z,1.0
2018-12-12T08:20:00Z,2.0
2018-12-12T08:30:00Z,1.0
2018-12-12T08:35:00Z,2.0
2018-12-12T08:40:00Z,5.0
2018-12-12T09:00:00Z,1.0
2018-12-12T09:05:00Z,2.0
2018-12-12T09:10:00Z,1.0
2018-12-12T09:15:00Z,1.0
2018-12-12T09:20:00Z,24.0
2018-12-12T09:25:00Z,15.0
2018-12-12T10:05:00Z,1.0
2018-12-12T10:15:00Z,1.0
2018-12-12T10:40:00Z,2.0
2018-12-12T11:10:00Z,2.0
2018-12-12T11:20:00Z,1.0
2018-12-12T12:10:00Z,3.0
2018-12-12T12:15:00Z,1.0
2018-12-12T12:45:00Z,3.0
2018-12-12T14:00:00Z,1.0
2018-12-12T14:10:00Z,2.0
2018-12-12T14:20:00Z,1.0
2018-12-12T14:30:00Z,1.0
2018-12-12T14:45:00Z,1.0
2018-12-12T15:10:00Z,1.0
2018-12-12T15:15:00Z,1.0
2018-12-12T16:15:00Z,1.0
2018-12-12T16:20:00Z,25.0
2018-12-12T16:25:00Z,1.0
2018-12-12T17:20:00Z,1.0
2018-12-12T17:50:00Z,2.0
2018-12-12T17:55:00Z,13.0
2018-12-12T18:00:00Z,1.0
2018-12-12T18:55:00Z,2.0
2018-12-12T19:20:00Z,6.0
2018-12-12T19:25:00Z,3.0
2018-12-12T19:30:00Z,4.0
2018-12-12T19:40:00Z,1.0
2018-12-12T19:45:00Z,37.0
2018-12-12T19:50:00Z,41.0
2018-12-12T19:55:00Z,11.0
2018-12-12T20:40:00Z,1.0
2018-12-12T20:55:00Z,1.0
2018-12-12T21:30:00Z,2.0
2018-12-12T23:05:00Z,3.0
2018-12-13T03:05:00Z,1.0
2018-12-13T03:20:00Z,1.0
2018-12-13T04:55:00Z,1.0
2018-12-13T05:25:00Z,2.0
2018-12-13T06:35:00Z,1.0
2018-12-13T07:10:00Z,1.0
2018-12-13T08:00:00Z,1.0
2018-12-13T08:05:00Z,9.0
2018-12-13T08:20:00Z,1.0
2018-12-13T08:40:00Z,1.0
2018-12-13T09:30:00Z,1.0
2018-12-13T09:35:00Z,2.0
2018-12-13T09:45:00Z,1.0
2018-12-13T11:00:00Z,1.0
2018-12-13T11:05:00Z,1.0
2018-12-13T11:25:00Z,2.0
2018-12-13T12:15:00Z,5.0
2018-12-13T12:20:00Z,9.0
2018-12-13T12:45:00Z,2.0
2018-12-13T12:50:00Z,1.0
2018-12-13T13:10:00Z,1.0
2018-12-13T13:45:00Z,1.0
2018-12-13T13:50:00Z,1.0
2018-12-13T13:55:00Z,6.0
2018-12-13T14:50:00Z,1.0
2018-12-13T14:55:00Z,3.0
2018-12-13T15:00:00Z,22.0
2018-12-13T15:05:00Z,15.0
2018-12-13T15:10:00Z,11.0
2018-12-13T15:15:00Z,2.0
2018-12-13T15:20:00Z,7.0
2018-12-13T15:25:00Z,1.0
2018-12-13T15:50:00Z,3.0
2018-12-13T15:55:00Z,1.0
2018-12-13T16:00:00Z,1.0
2018-12-13T16:10:00Z,2.0
2018-12-13T16:20:00Z,1.0
2018-12-13T16:25:00Z,1.0
2018-12-13T16:30:00Z,1.0
2018-12-13T18:00:00Z,2.0
2018-12-13T18:20:00Z,1.0
2018-12-13T19:00:00Z,1.0
2018-12-13T19:20:00Z,7.0
2018-12-13T19:25:00Z,1.0
2018-12-13T20:10:00Z,1.0
2018-12-13T20:20:00Z,1.0
2018-12-13T20:35:00Z,1.0
2018-12-13T20:45:00Z,5.0
2018-12-13T20:50:00Z,14.0
2018-12-13T21:10:00Z,3.0
2018-12-13T21:25:00Z,2.0
2018-12-13T21:35:00Z,1.0
2018-12-13T22:15:00Z,1.0
2018-12-13T22:30:00Z,1.0
2018-12-13T23:00:00Z,1.0
2018-12-13T23:10:00Z,1.0
2018-12-14T01:05:00Z,12.0
2018-12-14T01:15:00Z,1.0
2018-12-14T02:30:00Z,7.0
2018-12-14T02:35:00Z,15.0
2018-12-14T02:40:00Z,2.0
2018-12-14T02:45:00Z,1.0
2018-12-14T02:55:00Z,2.0
2018-12-14T03:00:00Z,1.0
2018-12-14T03:50:00Z,1.0
2018-12-14T05:15:00Z,1.0
2018-12-14T06:30:00Z,1.0
2018-12-14T06:45:00Z,47.0
2018-12-14T06:50:00Z,194.0
2018-12-14T06:55:00Z,255.0
2018-12-14T07:00:00Z,84.0
2018-12-14T07:05:00Z,75.0
2018-12-14T07:10:00Z,44.0
2018-12-14T07:15:00Z,187.0
2018-12-14T07:20:00Z,182.0
2018-12-14T07:25:00Z,183.0
2018-12-14T07:30:00Z,77.0
2018-12-14T07:35:00Z,102.0
2018-12-14T07:40:00Z,37.0
2018-12-14T07:45:00Z,152.0
2018-12-14T07:50:00Z,64.0
2018-12-14T08:00:00Z,4.0
2018-12-14T08:15:00Z,2.0
2018-12-14T08:30:00Z,2.0
2018-12-14T08:45:00Z,2.0
2018-12-14T09:40:00Z,1.0
2018-12-14T09:45:00Z,2.0
2018-12-14T10:00:00Z,1.0
2018-12-14T11:20:00Z,2.0
2018-12-14T11:25:00Z,3.0
2018-12-14T11:30:00Z,8.0
2018-12-14T11:35:00Z,14.0
2018-12-14T11:40:00Z,1.0
2018-12-14T11:45:00Z,2.0
2018-12-14T11:50:00Z,6.0
2018-12-14T11:55:00Z,5.0
2018-12-14T12:40:00Z,1.0
2018-12-14T12:50:00Z,1.0
2018-12-14T12:55:00Z,2.0
2018-12-14T13:50:00Z,1.0
2018-12-14T14:20:00Z,1.0
2018-12-14T14:40:00Z,1.0
2018-12-14T15:00:00Z,1.0
2018-12-14T15:05:00Z,32.0
2018-12-14T15:10:00Z,14.0
2018-12-14T15:15:00Z,1.0
2018-12-14T15:40:00Z,58.0
2018-12-14T15:45:00Z,157.0
2018-12-14T15:50:00Z,52.0
2018-12-14T15:55:00Z,3.0
2018-12-14T16:10:00Z,1.0
2018-12-14T16:15:00Z,1.0
2018-12-14T16:20:00Z,1.0
2018-12-14T16:25:00Z,4.0
2018-12-14T16:30:00Z,1.0
2018-12-14T16:35:00Z,1.0
2018-12-14T16:45:00Z,1.0
2018-12-14T18:20:00Z,6.0
2018-12-14T18:25:00Z,4.0
2018-12-14T19:10:00Z,1.0
2018-12-14T21:15:00Z,3.0
2018-12-14T23:35:00Z,1.0
2018-12-15T00:20:00Z,2.0
2018-12-15T00:25:00Z,9.0
2018-12-15T00:30:00Z,10.0
2018-12-15T00:55:00Z,1.0
2018-12-15T02:40:00Z,1.0
2018-12-15T03:05:00Z,1.0
2018-12-15T03:10:00Z,1.0
2018-12-15T04:05:00Z,1.0
2018-12-15T04:10:00Z,8.0
2018-12-15T06:15:00Z,1.0
2018-12-15T06:20:00Z,1.0
2018-12-15T07:00:00Z,1.0
2018-12-15T08:35:00Z,1.0
2018-12-15T09:30:00Z,1.0
2018-12-15T11:00:00Z,2.0
2018-12-15T11:05:00Z,4.0
2018-12-15T11:15:00Z,1.0
2018-12-15T11:20:00Z,1.0
2018-12-15T11:25:00Z,6.0
2018-12-15T15:00:00Z,1.0
2018-12-15T15:05:00Z,1.0
2018-12-15T19:00:00Z,1.0
2018-12-15T19:05:00Z,1.0
2018-12-15T20:45:00Z,1.0
2018-12-16T03:00:00Z,2.0
2018-12-16T10:15:00Z,1.0
2018-12-16T11:30:00Z,2.0
2018-12-16T11:35:00Z,2.0
2018-12-16T13:00:00Z,5.0
2018-12-16T13:15:00Z,1.0
2018-12-16T13:20:00Z,2.0
2018-12-16T13:25:00Z,7.0
2018-12-16T13:30:00Z,3.0
2018-12-16T15:20:00Z,4.0
2018-12-16T16:20:00Z,1.0
2018-12-16T17:10:00Z,2.0
2018-12-16T17:15:00Z,4.0
2018-12-16T17:30:00Z,27.0
2018-12-16T17:35:00Z,10.0
2018-12-16T17:45:00Z,2.0
2018-12-16T17:50:00Z,3.0
2018-12-16T17:55:00Z,3.0
2018-12-16T18:10:00Z,7.0
2018-12-16T18:15:00Z,11.0
2018-12-16T18:25:00Z,2.0
2018-12-16T18:40:00Z,17.0
2018-12-16T18:45:00Z,15.0
2018-12-16T18:50:00Z,8.0
2018-12-16T18:55:00Z,23.0
2018-12-16T19:00:00Z,4.0
2018-12-16T19:05:00Z,15.0
2018-12-16T19:10:00Z,1.0
2018-12-16T19:20:00Z,1.0
2018-12-16T19:30:00Z,1.0
2018-12-16T19:40:00Z,19.0
2018-12-16T19:55:00Z,6.0
2018-12-16T20:00:00Z,19.0
2018-12-16T20:10:00Z,1.0
2018-12-16T20:15:00Z,3.0
2018-12-16T20:20:00Z,2.0
2018-12-16T20:30:00Z,15.0
2018-12-16T20:35:00Z,29.0
2018-12-16T20:40:00Z,10.0
2018-12-16T20:50:00Z,15.0
2018-12-16T20:55:00Z,8.0
2018-12-16T21:00:00Z,1.0
2018-12-16T21:10:00Z,1.0
2018-12-16T21:15:00Z,2.0
2018-12-16T21:25:00Z,6.0
2018-12-16T21:30:00Z,18.0
2018-12-16T21:35:00Z,1.0
2018-12-16T21:40:00Z,2.0
2018-12-16T21:45:00Z,9.0
2018-12-16T21:50:00Z,6.0
2018-12-16T21:55:00Z,1.0
2018-12-16T22:00:00Z,1.0
2018-12-16T22:10:00Z,10.0
2018-12-16T22:15:00Z,8.0
2018-12-16T22:20:00Z,38.0
2018-12-16T22:25:00Z,2.0
2018-12-16T22:30:00Z,3.0
2018-12-16T23:00:00Z,13.0
2018-12-16T23:05:00Z,17.0
2018-12-16T23:10:00Z,2.0
2018-12-16T23:30:00Z,14.0
2018-12-16T23:35:00Z,14.0
2018-12-16T23:50:00Z,1.0
2018-12-16T23:55:00Z,1.0
2018-12-17T00:00:00Z,3.0
2018-12-17T00:05:00Z,1.0
2018-12-17T00:15:00Z,2.0
2018-12-17T00:20:00Z,4.0
2018-12-17T00:25:00Z,1.0
2018-12-17T00:30:00Z,1.0
2018-12-17T00:40:00Z,2.0
2018-12-17T00:45:00Z,3.0
2018-12-17T00:55:00Z,2.0
2018-12-17T01:05:00Z,2.0
2018-12-17T01:20:00Z,4.0
2018-12-17T01:25:00Z,4.0
2018-12-17T01:30:00Z,20.0
2018-12-17T01:35:00Z,24.0
2018-12-17T01:40:00Z,12.0
2018-12-17T01:45:00Z,5.0
2018-12-17T01:50:00Z,1.0
2018-12-17T01:55:00Z,2.0
2018-12-17T02:10:00Z,4.0
2018-12-17T02:35:00Z,2.0
2018-12-17T02:50:00Z,23.0
2018-12-17T02:55:00Z,4.0
2018-12-17T03:00:00Z,4.0
2018-12-17T03:05:00Z,30.0
2018-12-17T03:10:00Z,5.0
2018-12-17T03:20:00Z,5.0
2018-12-17T03:25:00Z,9.0
2018-12-17T03:30:00Z,3.0
2018-12-17T03:35:00Z,19.0
2018-12-17T03:40:00Z,1.0
2018-12-17T03:55:00Z,1.0
2018-12-17T04:00:00Z,19.0
2018-12-17T04:05:00Z,8.0
2018-12-17T04:10:00Z,6.0
2018-12-17T04:15:00Z,16.0
2018-12-17T04:20:00Z,9.0
2018-12-17T04:25:00Z,1.0
2018-12-17T04:30:00Z,2.0
2018-12-17T04:40:00Z,1.0
2018-12-17T04:45:00Z,21.0
2018-12-17T04:50:00Z,33.0
2018-12-17T05:00:00Z,1.0
2018-12-17T05:05:00Z,4.0
2018-12-17T05:10:00Z,1.0
2018-12-17T05:15:00Z,25.0
2018-12-17T05:20:00Z,16.0
2018-12-17T05:25:00Z,4.0
2018-12-17T05:30:00Z,2.0
2018-12-17T05:35:00Z,1.0
2018-12-17T05:40:00Z,2.0
2018-12-17T05:50:00Z,1.0
2018-12-17T06:00:00Z,1.0
2018-12-17T06:05:00Z,1.0
2018-12-17T06:10:00Z,1.0
2018-12-17T06:15:00Z,3.0
2018-12-17T06:20:00Z,5.0
2018-12-17T06:25:00Z,28.0
2018-12-17T06:30:00Z,4.0
2018-12-17T06:35:00Z,2.0
2018-12-17T06:40:00Z,2.0
2018-12-17T06:45:00Z,7.0
2018-12-17T06:50:00Z,9.0
2018-12-17T06:55:00Z,11.0
2018-12-17T07:00:00Z,5.0
2018-12-17T07:10:00Z,1.0
2018-12-17T07:15:00Z,1.0
2018-12-17T07:20:00Z,2.0
2018-12-17T07:25:00Z,2.0
2018-12-17T07:30:00Z,2.0
2018-12-17T07:35:00Z,2.0
2018-12-17T07:40:00Z,1.0
2018-12-17T07:45:00Z,4.0
2018-12-17T07:50:00Z,2.0
2018-12-17T07:55:00Z,2.0
2018-12-17T08:00:00Z,4.0
2018-12-17T08:05:00Z,1.0
2018-12-17T08:15:00Z,1.0
2018-12-17T08:20:00Z,1.0
2018-12-17T08:25:00Z,1.0
2018-12-17T08:30:00Z,3.0
2018-12-17T08:35:00Z,3.0
2018-12-17T08:45:00Z,2.0
2018-12-17T08:50:00Z,2.0
2018-12-17T09:00:00Z,1.0
2018-12-17T09:05:00Z,3.0
2018-12-17T09:10:00Z,1.0
2018-12-17T09:15:00Z,2.0
2018-12-17T09:20:00Z,1.0
2018-12-17T09:25:00Z,3.0
2018-12-17T09:30:00Z,4.0
2018-12-17T09:45:00Z,1.0
2018-12-17T10:35:00Z,1.0
2018-12-17T10:45:00Z,1.0
2018-12-17T10:50:00Z,1.0
2018-12-17T11:00:00Z,1.0
2018-12-17T12:00:00Z,1.0
2018-12-17T12:05:00Z,1.0
2018-12-17T12:20:00Z,1.0
2018-12-17T12:35:00Z,1.0
2018-12-17T12:40:00Z,1.0
2018-12-17T15:45:00Z,1.0
2018-12-17T15:50:00Z,1.0
2018-12-17T18:05:00Z,1.0
2018-12-17T23:00:00Z,2.0
2018-12-17T23:35:00Z,1.0
2018-12-17T23:45:00Z,1.0
2018-12-18T01:00:00Z,1.0
2018-12-18T02:10:00Z,1.0
2018-12-18T02:15:00Z,2.0
2018-12-18T02:20:00Z,2.0
2018-12-18T02:50:00Z,1.0
2018-12-18T04:20:00Z,1.0
2018-12-18T04:40:00Z,2.0
2018-12-18T05:40:00Z,1.0
2018-12-18T07:00:00Z,1.0
2018-12-18T07:15:00Z,2.0
2018-12-18T07:55:00Z,1.0
2018-12-18T08:25:00Z,1.0
2018-12-18T08:35:00Z,3.0
2018-12-18T08:40:00Z,1.0
2018-12-18T09:00:00Z,1.0
2018-12-18T09:15:00Z,1.0
2018-12-18T09:20:00Z,4.0
2018-12-18T09:25:00Z,3.0
2018-12-18T09:35:00Z,1.0
2018-12-18T11:15:00Z,1.0
2018-12-18T13:15:00Z,1.0
2018-12-18T13:20:00Z,3.0
2018-12-18T13:40:00Z,1.0
2018-12-18T13:45:00Z,1.0
2018-12-18T14:40:00Z,1.0
2018-12-18T15:10:00Z,2.0
2018-12-18T15:55:00Z,1.0
2018-12-18T16:45:00Z,1.0
2018-12-18T18:00:00Z,1.0
2018-12-18T21:10:00Z,1.0
2018-12-18T21:45:00Z,1.0
2018-12-19T00:25:00Z,1.0
2018-12-19T00:35:00Z,3.0
2018-12-19T01:35:00Z,2.0
2018-12-19T01:40:00Z,2.0
2018-12-19T01:45:00Z,4.0
2018-12-19T01:50:00Z,8.0
2018-12-19T01:55:00Z,2.0
2018-12-19T02:00:00Z,1.0
2018-12-19T03:05:00Z,1.0
2018-12-19T05:10:00Z,1.0
2018-12-19T05:15:00Z,1.0
2018-12-19T06:05:00Z,1.0
2018-12-19T06:40:00Z,1.0
2018-12-19T07:20:00Z,2.0
2018-12-19T07:25:00Z,1.0
2018-12-19T07:30:00Z,1.0
2018-12-19T08:25:00Z,1.0
2018-12-19T08:45:00Z,1.0
2018-12-19T09:05:00Z,3.0
2018-12-19T09:15:00Z,1.0
2018-12-19T10:05:00Z,1.0
2018-12-19T10:55:00Z,1.0
2018-12-19T11:00:00Z,3.0
2018-12-19T11:25:00Z,2.0
2018-12-19T11:55:00Z,1.0
2018-12-19T12:30:00Z,1.0
2018-12-19T12:40:00Z,2.0
2018-12-19T12:45:00Z,17.0
2018-12-19T12:50:00Z,19.0
2018-12-19T12:55:00Z,1.0
2018-12-19T13:00:00Z,2.0
2018-12-19T13:20:00Z,1.0
2018-12-19T13:30:00Z,2.0
2018-12-19T13:35:00Z,1.0
2018-12-19T13:45:00Z,3.0
2018-12-19T14:00:00Z,1.0
2018-12-19T14:10:00Z,1.0
2018-12-19T14:50:00Z,1.0
2018-12-19T15:05:00Z,3.0
2018-12-19T15:15:00Z,1.0
2018-12-19T15:20:00Z,4.0
2018-12-19T15:25:00Z,1.0
2018-12-19T15:40:00Z,1.0
2018-12-19T16:05:00Z,1.0
2018-12-19T17:35:00Z,1.0
2018-12-19T17:45:00Z,4.0
2018-12-19T17:50:00Z,1.0
2018-12-19T18:30:00Z,1.0
2018-12-19T20:15:00Z,11.0
2018-12-19T20:20:00Z,17.0
2018-12-19T20:35:00Z,1.0
2018-12-19T20:40:00Z,3.0
2018-12-19T21:40:00Z,1.0
2018-12-19T21:45:00Z,1.0
2018-12-19T21:50:00Z,7.0
2018-12-19T22:00:00Z,1.0
2018-12-19T23:35:00Z,2.0
2018-12-19T23:50:00Z,2.0
2018-12-20T00:05:00Z,1.0
2018-12-20T00:50:00Z,2.0
2018-12-20T01:35:00Z,1.0
2018-12-20T01:40:00Z,1.0
2018-12-20T01:50:00Z,2.0
2018-12-20T02:05:00Z,5.0
2018-12-20T02:10:00Z,3.0
2018-12-20T05:15:00Z,1.0
2018-12-20T05:55:00Z,3.0
2018-12-20T06:50:00Z,1.0
2018-12-20T06:55:00Z,1.0
2018-12-20T07:25:00Z,1.0
2018-12-20T08:20:00Z,2.0
2018-12-20T08:25:00Z,3.0
2018-12-20T08:40:00Z,1.0
2018-12-20T09:25:00Z,2.0
2018-12-20T10:25:00Z,2.0
2018-12-20T10:45:00Z,1.0
2018-12-20T10:55:00Z,1.0
2018-12-20T11:20:00Z,1.0
2018-12-20T11:40:00Z,5.0
2018-12-20T11:45:00Z,3.0
2018-12-20T12:05:00Z,5.0
2018-12-20T12:25:00Z,2.0
2018-12-20T12:35:00Z,1.0
2018-12-20T12:45:00Z,1.0
2018-12-20T12:50:00Z,3.0
2018-12-20T13:55:00Z,2.0
2018-12-20T14:05:00Z,4.0
2018-12-20T14:10:00Z,2.0
2018-12-20T14:15:00Z,3.0
2018-12-20T14:50:00Z,2.0
2018-12-20T15:00:00Z,1.0
2018-12-20T15:05:00Z,1.0
2018-12-20T15:10:00Z,1.0
2018-12-20T15:20:00Z,4.0
2018-12-20T15:25:00Z,2.0
2018-12-20T15:30:00Z,1.0
2018-12-20T15:35:00Z,5.0
2018-12-20T15:40:00Z,1.0
2018-12-20T15:45:00Z,1.0
2018-12-20T17:25:00Z,1.0
2018-12-21T00:55:00Z,2.0
2018-12-21T02:05:00Z,1.0
2018-12-21T02:10:00Z,2.0
2018-12-21T03:00:00Z,1.0
2018-12-21T04:15:00Z,1.0
2018-12-21T04:40:00Z,1.0
2018-12-21T04:45:00Z,1.0
2018-12-21T05:00:00Z,5.0
2018-12-21T05:20:00Z,1.0
2018-12-21T06:35:00Z,6.0
2018-12-21T07:05:00Z,2.0
2018-12-21T07:20:00Z,1.0
2018-12-21T08:10:00Z,1.0
2018-12-21T08:25:00Z,2.0
2018-12-21T09:00:00Z,1.0
2018-12-21T09:25:00Z,2.0
2018-12-21T09:45:00Z,1.0
2018-12-21T09:50:00Z,1.0
2018-12-21T10:00:00Z,2.0
2018-12-21T10:35:00Z,1.0
2018-12-21T11:25:00Z,1.0
2018-12-21T11:30:00Z,1.0
2018-12-21T11:45:00Z,1.0
2018-12-21T12:40:00Z,1.0
2018-12-21T13:05:00Z,1.0
2018-12-21T13:20:00Z,1.0
2018-12-21T13:50:00Z,1.0
2018-12-21T13:55:00Z,5.0
2018-12-21T14:25:00Z,2.0
2018-12-21T14:35:00Z,4.0
2018-12-21T14:50:00Z,1.0
2018-12-21T15:05:00Z,2.0
2018-12-21T15:10:00Z,17.0
2018-12-21T15:15:00Z,13.0
2018-12-21T15:20:00Z,11.0
2018-12-21T15:25:00Z,40.0
2018-12-21T15:30:00Z,3.0
2018-12-21T15:35:00Z,1.0
2018-12-21T15:45:00Z,1.0
2018-12-21T16:00:00Z,6.0
2018-12-21T16:05:00Z,3.0
2018-12-21T16:25:00Z,6.0
2018-12-21T16:30:00Z,14.0
2018-12-21T16:35:00Z,1.0
2018-12-21T16:45:00Z,1.0
2018-12-21T17:50:00Z,1.0
2018-12-21T18:20:00Z,15.0
2018-12-21T18:25:00Z,17.0
2018-12-21T19:00:00Z,2.0
2018-12-21T19:05:00Z,1.0
2018-12-21T19:45:00Z,1.0
2018-12-21T20:05:00Z,2.0
2018-12-21T20:10:00Z,1.0
2018-12-21T20:25:00Z,2.0
2018-12-21T22:35:00Z,1.0
2018-12-21T23:00:00Z,4.0
2018-12-22T00:20:00Z,1.0
2018-12-22T03:05:00Z,3.0
2018-12-22T03:10:00Z,1.0
2018-12-22T07:00:00Z,3.0
2018-12-22T07:05:00Z,1.0
2018-12-22T09:20:00Z,2.0
2018-12-22T09:25:00Z,10.0
2018-12-22T09:30:00Z,3.0
2018-12-22T09:35:00Z,2.0
2018-12-22T11:00:00Z,3.0
2018-12-22T15:00:00Z,7.0
2018-12-22T15:05:00Z,2.0
2018-12-22T15:10:00Z,2.0
2018-12-22T15:15:00Z,3.0
2018-12-22T15:20:00Z,1.0
2018-12-22T18:55:00Z,3.0
2018-12-22T19:00:00Z,3.0
2018-12-22T19:05:00Z,7.0
2018-12-22T19:10:00Z,1.0
2018-12-22T20:15:00Z,2.0
2018-12-22T20:20:00Z,3.0
2018-12-22T21:05:00Z,1.0
2018-12-22T21:10:00Z,2.0
2018-12-22T22:30:00Z,1.0
2018-12-22T22:55:00Z,1.0
2018-12-22T23:00:00Z,4.0
2018-12-22T23:05:00Z,4.0
2018-12-22T23:10:00Z,2.0
2018-12-22T23:15:00Z,1.0
2018-12-22T23:20:00Z,1.0
2018-12-22T23:25:00Z,3.0
2018-12-22T23:30:00Z,4.0
2018-12-22T23:35:00Z,3.0
2018-12-23T01:20:00Z,1.0
2018-12-23T01:35:00Z,3.0
2018-12-23T01:55:00Z,1.0
2018-12-23T02:25:00Z,1.0
2018-12-23T02:40:00Z,1.0
2018-12-23T02:45:00Z,2.0
2018-12-23T02:55:00Z,1.0
2018-12-23T03:00:00Z,3.0
2018-12-23T03:25:00Z,17.0
2018-12-23T03:30:00Z,14.0
2018-12-23T04:50:00Z,7.0
2018-12-23T05:05:00Z,2.0
2018-12-23T05:10:00Z,5.0
2018-12-23T05:30:00Z,2.0
2018-12-23T05:35:00Z,21.0
2018-12-23T05:40:00Z,26.0
2018-12-23T06:00:00Z,2.0
2018-12-23T06:05:00Z,41.0
2018-12-23T06:10:00Z,47.0
2018-12-23T06:35:00Z,2.0
2018-12-23T06:40:00Z,4.0
2018-12-23T06:50:00Z,25.0
2018-12-23T06:55:00Z,10.0
2018-12-23T07:00:00Z,6.0
2018-12-23T07:05:00Z,4.0
2018-12-23T07:15:00Z,3.0
2018-12-23T07:20:00Z,9.0
2018-12-23T07:25:00Z,33.0
2018-12-23T07:30:00Z,1.0
2018-12-23T07:35:00Z,1.0
2018-12-23T08:10:00Z,1.0
2018-12-23T08:15:00Z,17.0
2018-12-23T08:20:00Z,17.0
2018-12-23T09:00:00Z,2.0
2018-12-23T09:05:00Z,23.0
2018-12-23T09:10:00Z,8.0
2018-12-23T09:15:00Z,2.0
2018-12-23T09:35:00Z,14.0
2018-12-23T09:40:00Z,15.0
2018-12-23T09:45:00Z,19.0
2018-12-23T09:50:00Z,5.0
2018-12-23T09:55:00Z,38.0
2018-12-23T10:00:00Z,3.0
2018-12-23T10:05:00Z,1.0
2018-12-23T10:10:00Z,3.0
2018-12-23T10:20:00Z,4.0
2018-12-23T10:30:00Z,34.0
2018-12-23T10:35:00Z,19.0
2018-12-23T10:45:00Z,1.0
2018-12-23T10:50:00Z,1.0
2018-12-23T11:00:00Z,8.0
2018-12-23T11:05:00Z,10.0
2018-12-23T11:10:00Z,17.0
2018-12-23T11:15:00Z,10.0
2018-12-23T11:20:00Z,9.0
2018-12-23T11:25:00Z,43.0
2018-12-23T11:30:00Z,73.0
2018-12-23T11:35:00Z,36.0
2018-12-23T11:40:00Z,61.0
2018-12-23T11:45:00Z,11.0
2018-12-23T11:50:00Z,6.0
2018-12-23T11:55:00Z,24.0
2018-12-23T12:00:00Z,7.0
2018-12-23T12:05:00Z,6.0
2018-12-23T12:10:00Z,2.0
2018-12-23T12:15:00Z,3.0
2018-12-23T12:20:00Z,84.0
2018-12-23T12:25:00Z,19.0
2018-12-23T12:30:00Z,3.0
2018-12-23T12:35:00Z,2.0
2018-12-23T12:40:00Z,2.0
2018-12-23T12:50:00Z,1.0
2018-12-23T12:55:00Z,12.0
2018-12-23T13:00:00Z,15.0
2018-12-23T13:05:00Z,19.0
2018-12-23T13:10:00Z,29.0
2018-12-23T13:30:00Z,3.0
2018-12-23T13:35:00Z,1.0
2018-12-23T13:40:00Z,5.0
2018-12-23T13:45:00Z,4.0
2018-12-23T13:50:00Z,8.0
2018-12-23T13:55:00Z,5.0
2018-12-23T14:00:00Z,4.0
2018-12-23T14:05:00Z,4.0
2018-12-23T14:10:00Z,14.0
2018-12-23T14:15:00Z,15.0
2018-12-23T14:20:00Z,114.0
2018-12-23T14:25:00Z,143.0
2018-12-23T14:30:00Z,10.0
2018-12-23T14:35:00Z,6.0
2018-12-23T14:40:00Z,4.0
2018-12-23T14:45:00Z,1.0
2018-12-23T14:55:00Z,2.0
2018-12-23T15:00:00Z,18.0
2018-12-23T15:05:00Z,60.0
2018-12-23T15:10:00Z,75.0
2018-12-23T15:15:00Z,8.0
2018-12-23T15:25:00Z,1.0
2018-12-23T15:30:00Z,3.0
2018-12-23T15:35:00Z,2.0
2018-12-23T15:45:00Z,5.0
2018-12-23T15:50:00Z,7.0
2018-12-23T15:55:00Z,1.0
2018-12-23T16:05:00Z,9.0
2018-12-23T16:10:00Z,104.0
2018-12-23T16:15:00Z,18.0
2018-12-23T16:20:00Z,2.0
2018-12-23T16:25:00Z,4.0
2018-12-23T16:45:00Z,1.0
2018-12-23T16:50:00Z,3.0
2018-12-23T17:20:00Z,1.0
2018-12-23T17:25:00Z,15.0
2018-12-23T17:30:00Z,7.0
2018-12-23T17:35:00Z,11.0
2018-12-23T17:40:00Z,21.0
2018-12-23T17:45:00Z,95.0
2018-12-23T17:50:00Z,101.0
2018-12-23T17:55:00Z,3.0
2018-12-23T18:15:00Z,4.0
2018-12-23T18:20:00Z,6.0
2018-12-23T18:30:00Z,2.0
2018-12-23T18:35:00Z,2.0
2018-12-23T18:40:00Z,2.0
2018-12-23T18:45:00Z,9.0
2018-12-23T18:50:00Z,3.0
2018-12-23T18:55:00Z,2.0
2018-12-23T19:05:00Z,1.0
2018-12-23T19:15:00Z,23.0
2018-12-23T19:20:00Z,13.0
2018-12-23T19:30:00Z,16.0
2018-12-23T19:35:00Z,39.0
2018-12-23T19:40:00Z,11.0
2018-12-23T19:45:00Z,9.0
2018-12-23T19:50:00Z,22.0
2018-12-23T19:55:00Z,60.0
2018-12-23T20:00:00Z,18.0
2018-12-23T20:05:00Z,3.0
2018-12-23T20:10:00Z,94.0
2018-12-23T20:15:00Z,55.0
2018-12-23T20:20:00Z,7.0
2018-12-23T20:25:00Z,1.0
2018-12-23T20:30:00Z,2.0
2018-12-23T20:35:00Z,17.0
2018-12-23T20:40:00Z,5.0
2018-12-23T20:45:00Z,1.0
2018-12-23T20:50:00Z,1.0
2018-12-23T20:55:00Z,1.0
2018-12-23T21:05:00Z,3.0
2018-12-23T21:10:00Z,10.0
2018-12-23T21:15:00Z,13.0
2018-12-23T21:20:00Z,33.0
2018-12-23T21:25:00Z,8.0
2018-12-23T21:30:00Z,5.0
2018-12-23T21:35:00Z,1.0
2018-12-23T21:50:00Z,16.0
2018-12-23T21:55:00Z,7.0
2018-12-23T22:00:00Z,21.0
2018-12-23T22:05:00Z,19.0
2018-12-23T22:10:00Z,19.0
2018-12-23T22:15:00Z,11.0
2018-12-23T22:20:00Z,8.0
2018-12-23T22:25:00Z,27.0
2018-12-23T22:30:00Z,11.0
2018-12-23T22:35:00Z,3.0
2018-12-23T22:45:00Z,1.0
2018-12-23T22:50:00Z,2.0
2018-12-23T22:55:00Z,6.0
2018-12-23T23:00:00Z,24.0
2018-12-23T23:05:00Z,2.0
2018-12-23T23:10:00Z,1.0
2018-12-23T23:15:00Z,1.0
2018-12-23T23:25:00Z,36.0
2018-12-23T23:30:00Z,195.0
2018-12-23T23:35:00Z,145.0
2018-12-23T23:40:00Z,10.0
2018-12-23T23:45:00Z,7.0
2018-12-23T23:55:00Z,3.0
2018-12-24T00:00:00Z,13.0
2018-12-24T00:05:00Z,13.0
2018-12-24T00:10:00Z,19.0
2018-12-24T00:15:00Z,18.0
2018-12-24T00:20:00Z,102.0
2018-12-24T00:25:00Z,72.0
2018-12-24T00:30:00Z,13.0
2018-12-24T00:35:00Z,4.0
2018-12-24T00:40:00Z,2.0
2018-12-24T00:55:00Z,1.0
2018-12-24T01:00:00Z,42.0
2018-12-24T01:05:00Z,43.0
2018-12-24T01:10:00Z,42.0
2018-12-24T01:15:00Z,17.0
2018-12-24T01:20:00Z,16.0
2018-12-24T01:25:00Z,3.0
2018-12-24T01:30:00Z,1.0
2018-12-24T01:40:00Z,9.0
2018-12-24T01:45:00Z,3.0
2018-12-24T01:55:00Z,2.0
2018-12-24T02:00:00Z,7.0
2018-12-24T02:05:00Z,3.0
2018-12-24T02:15:00Z,75.0
2018-12-24T02:20:00Z,36.0
2018-12-24T02:25:00Z,6.0
2018-12-24T02:30:00Z,3.0
2018-12-24T02:35:00Z,1.0
2018-12-24T02:50:00Z,1.0
2018-12-24T02:55:00Z,12.0
2018-12-24T03:00:00Z,61.0
2018-12-24T03:05:00Z,4.0
2018-12-24T03:10:00Z,2.0
2018-12-24T03:15:00Z,4.0
2018-12-24T03:20:00Z,45.0
2018-12-24T03:25:00Z,19.0
2018-12-24T03:30:00Z,1.0
2018-12-24T03:35:00Z,1.0
2018-12-24T03:40:00Z,3.0
2018-12-24T03:45:00Z,4.0
2018-12-24T03:50:00Z,1.0
2018-12-24T04:05:00Z,2.0
2018-12-24T04:10:00Z,2.0
2018-12-24T04:15:00Z,2.0
2018-12-24T04:25:00Z,1.0
2018-12-24T04:30:00Z,2.0
2018-12-24T04:35:00Z,12.0
2018-12-24T04:40:00Z,18.0
2018-12-24T04:45:00Z,1.0
2018-12-24T04:50:00Z,3.0
2018-12-24T04:55:00Z,1.0
2018-12-24T05:00:00Z,2.0
2018-12-24T05:10:00Z,1.0
2018-12-24T05:15:00Z,19.0
2018-12-24T05:20:00Z,30.0
2018-12-24T05:25:00Z,113.0
2018-12-24T05:30:00Z,25.0
2018-12-24T05:35:00Z,12.0
2018-12-24T05:40:00Z,3.0
2018-12-24T05:55:00Z,1.0
2018-12-24T06:05:00Z,2.0
2018-12-24T06:10:00Z,36.0
2018-12-24T06:15:00Z,6.0
2018-12-24T06:20:00Z,1.0
2018-12-24T06:25:00Z,4.0
2018-12-24T06:30:00Z,6.0
2018-12-24T06:35:00Z,4.0
2018-12-24T06:40:00Z,8.0
2018-12-24T06:45:00Z,6.0
2018-12-24T06:50:00Z,5.0
2018-12-24T06:55:00Z,11.0
2018-12-24T07:00:00Z,11.0
2018-12-24T07:05:00Z,1.0
2018-12-24T07:10:00Z,1.0
2018-12-24T07:40:00Z,3.0
2018-12-24T07:45:00Z,1.0
2018-12-24T08:30:00Z,1.0
2018-12-24T09:35:00Z,1.0
2018-12-24T11:20:00Z,1.0
2018-12-24T11:25:00Z,13.0
2018-12-24T11:30:00Z,3.0
2018-12-24T12:25:00Z,1.0
2018-12-24T13:35:00Z,1.0
2018-12-24T13:45:00Z,1.0
2018-12-24T13:50:00Z,1.0
2018-12-24T14:10:00Z,1.0
2018-12-24T14:15:00Z,1.0
2018-12-24T14:20:00Z,1.0
2018-12-24T14:35:00Z,1.0
2018-12-24T14:55:00Z,1.0
2018-12-24T15:00:00Z,12.0
2018-12-24T15:05:00Z,2.0
2018-12-24T15:40:00Z,1.0
2018-12-24T16:50:00Z,2.0
2018-12-24T16:55:00Z,11.0
2018-12-24T17:35:00Z,1.0
2018-12-24T18:55:00Z,1.0
2018-12-24T19:00:00Z,14.0
2018-12-24T19:05:00Z,1.0
2018-12-24T19:25:00Z,1.0
2018-12-24T23:00:00Z,13.0
2018-12-25T00:40:00Z,1.0
2018-12-25T00:45:00Z,1.0
2018-12-25T01:25:00Z,1.0
2018-12-25T01:35:00Z,2.0
2018-12-25T01:45:00Z,1.0
2018-12-25T02:05:00Z,11.0
2018-12-25T02:10:00Z,14.0
2018-12-25T02:25:00Z,5.0
2018-12-25T02:30:00Z,5.0
2018-12-25T02:40:00Z,1.0
2018-12-25T03:00:00Z,13.0
2018-12-25T03:05:00Z,2.0
2018-12-25T03:55:00Z,2.0
2018-12-25T04:00:00Z,7.0
2018-12-25T04:05:00Z,12.0
2018-12-25T06:20:00Z,3.0
2018-12-25T07:05:00Z,2.0
2018-12-25T07:10:00Z,4.0
2018-12-25T07:15:00Z,1.0
2018-12-25T07:25:00Z,4.0
2018-12-25T07:30:00Z,5.0
2018-12-25T08:25:00Z,2.0
2018-12-25T08:30:00Z,1.0
2018-12-25T10:45:00Z,1.0
2018-12-25T10:55:00Z,3.0
2018-12-25T11:00:00Z,6.0
2018-12-25T11:05:00Z,4.0
2018-12-25T11:15:00Z,1.0
2018-12-25T14:55:00Z,4.0
2018-12-25T15:00:00Z,10.0
2018-12-25T16:30:00Z,38.0
2018-12-25T16:35:00Z,2.0
2018-12-25T17:05:00Z,5.0
2018-12-25T17:10:00Z,12.0
2018-12-25T18:00:00Z,1.0
2018-12-25T18:55:00Z,2.0
2018-12-25T19:00:00Z,5.0
2018-12-25T19:05:00Z,8.0
2018-12-25T19:15:00Z,1.0
2018-12-25T21:45:00Z,1.0
2018-12-25T22:55:00Z,2.0
2018-12-25T23:00:00Z,5.0
2018-12-25T23:05:00Z,8.0
2018-12-26T01:20:00Z,22.0
2018-12-26T01:25:00Z,5.0
2018-12-26T02:05:00Z,1.0
2018-12-26T02:50:00Z,1.0
2018-12-26T03:00:00Z,7.0
2018-12-26T03:05:00Z,9.0
2018-12-26T03:10:00Z,2.0
2018-12-26T03:15:00Z,1.0
2018-12-26T03:25:00Z,1.0
2018-12-26T03:30:00Z,35.0
2018-12-26T03:35:00Z,1.0
2018-12-26T04:30:00Z,1.0
2018-12-26T04:40:00Z,1.0
2018-12-26T04:50:00Z,1.0
2018-12-26T06:55:00Z,2.0
2018-12-26T07:00:00Z,17.0
2018-12-26T07:05:00Z,2.0
2018-12-26T07:10:00Z,2.0
2018-12-26T07:55:00Z,1.0
2018-12-26T08:30:00Z,1.0
2018-12-26T09:00:00Z,1.0
2018-12-26T09:05:00Z,1.0
2018-12-26T10:15:00Z,1.0
2018-12-26T10:30:00Z,1.0
2018-12-26T11:00:00Z,9.0
2018-12-26T11:05:00Z,1.0
2018-12-26T11:35:00Z,2.0
2018-12-26T11:40:00Z,4.0
2018-12-26T11:55:00Z,1.0
2018-12-26T12:45:00Z,1.0
2018-12-26T13:00:00Z,1.0
2018-12-26T13:05:00Z,11.0
2018-12-26T13:10:00Z,2.0
2018-12-26T13:15:00Z,6.0
2018-12-26T13:20:00Z,3.0
2018-12-26T13:25:00Z,1.0
2018-12-26T13:45:00Z,7.0
2018-12-26T13:50:00Z,3.0
2018-12-26T13:55:00Z,4.0
2018-12-26T14:00:00Z,2.0
2018-12-26T14:05:00Z,3.0
2018-12-26T14:25:00Z,1.0
2018-12-26T14:55:00Z,1.0
2018-12-26T15:00:00Z,7.0
2018-12-26T15:05:00Z,4.0
2018-12-26T15:10:00Z,1.0
2018-12-26T16:40:00Z,27.0
2018-12-26T16:45:00Z,9.0
2018-12-26T16:55:00Z,18.0
2018-12-26T17:00:00Z,6.0
2018-12-26T18:45:00Z,3.0
2018-12-26T19:00:00Z,4.0
2018-12-26T19:05:00Z,20.0
2018-12-26T19:10:00Z,24.0
2018-12-26T19:30:00Z,2.0
2018-12-26T19:35:00Z,1.0
2018-12-26T19:40:00Z,2.0
2018-12-26T22:00:00Z,4.0
2018-12-26T22:15:00Z,3.0
2018-12-26T23:00:00Z,1.0
2018-12-26T23:05:00Z,7.0
2018-12-27T02:30:00Z,1.0
2018-12-27T02:55:00Z,1.0
2018-12-27T03:00:00Z,7.0
2018-12-27T03:10:00Z,1.0
2018-12-27T03:15:00Z,1.0
2018-12-27T03:30:00Z,3.0
2018-12-27T04:10:00Z,14.0
2018-12-27T04:15:00Z,8.0
2018-12-27T04:25:00Z,2.0
2018-12-27T04:30:00Z,2.0
2018-12-27T04:40:00Z,3.0
2018-12-27T05:25:00Z,1.0
2018-12-27T05:40:00Z,2.0
2018-12-27T05:45:00Z,1.0
2018-12-27T05:50:00Z,1.0
2018-12-27T05:55:00Z,8.0
2018-12-27T06:00:00Z,1.0
2018-12-27T06:05:00Z,2.0
2018-12-27T06:10:00Z,1.0
2018-12-27T06:15:00Z,1.0
2018-12-27T06:20:00Z,2.0
2018-12-27T06:25:00Z,1.0
2018-12-27T06:45:00Z,1.0
2018-12-27T06:55:00Z,3.0
2018-12-27T07:00:00Z,2.0
2018-12-27T07:10:00Z,1.0
2018-12-27T07:30:00Z,1.0
2018-12-27T07:40:00Z,1.0
2018-12-27T07:45:00Z,6.0
2018-12-27T08:00:00Z,1.0
2018-12-27T08:25:00Z,1.0
2018-12-27T08:40:00Z,2.0
2018-12-27T08:45:00Z,1.0
2018-12-27T09:50:00Z,1.0
2018-12-27T10:25:00Z,1.0
2018-12-27T10:40:00Z,1.0
2018-12-27T10:55:00Z,1.0
2018-12-27T11:00:00Z,1.0
2018-12-27T11:40:00Z,1.0
2018-12-27T13:05:00Z,1.0
2018-12-27T13:35:00Z,1.0
2018-12-27T14:35:00Z,2.0
2018-12-27T14:40:00Z,2.0
2018-12-27T14:55:00Z,1.0
2018-12-27T15:35:00Z,1.0
2018-12-27T16:15:00Z,1.0
2018-12-27T18:20:00Z,1.0
2018-12-27T19:00:00Z,1.0
2018-12-27T19:05:00Z,1.0
2018-12-27T19:10:00Z,1.0
2018-12-27T21:40:00Z,1.0
2018-12-27T21:50:00Z,1.0
2018-12-27T22:50:00Z,1.0
2018-12-27T23:40:00Z,1.0
2018-12-28T01:20:00Z,1.0
2018-12-28T03:05:00Z,1.0
2018-12-28T03:30:00Z,1.0
2018-12-28T04:15:00Z,1.0
2018-12-28T04:25:00Z,1.0
2018-12-28T05:35:00Z,1.0
2018-12-28T07:20:00Z,1.0
2018-12-28T07:50:00Z,1.0
2018-12-28T08:05:00Z,1.0
2018-12-28T08:45:00Z,2.0
2018-12-28T10:30:00Z,1.0
2018-12-28T11:00:00Z,3.0
2018-12-28T13:10:00Z,1.0
2018-12-28T13:25:00Z,1.0
2018-12-28T13:55:00Z,1.0
2018-12-28T14:15:00Z,2.0
2018-12-28T14:20:00Z,2.0
2018-12-28T15:00:00Z,23.0
2018-12-28T15:05:00Z,29.0
2018-12-28T15:10:00Z,9.0
2018-12-28T16:50:00Z,1.0
2018-12-28T18:55:00Z,1.0
2018-12-28T19:00:00Z,1.0
2018-12-28T20:50:00Z,2.0
2018-12-28T20:55:00Z,8.0
2018-12-28T21:20:00Z,1.0
2018-12-28T23:00:00Z,2.0
2018-12-29T01:25:00Z,5.0
2018-12-29T01:30:00Z,1.0
2018-12-29T02:55:00Z,2.0
2018-12-29T06:55:00Z,1.0
2018-12-29T07:10:00Z,1.0
2018-12-29T07:25:00Z,1.0
2018-12-29T07:30:00Z,1.0
2018-12-29T07:35:00Z,2.0
2018-12-29T07:45:00Z,3.0
2018-12-29T08:30:00Z,1.0
2018-12-29T08:40:00Z,1.0
2018-12-29T09:00:00Z,1.0
2018-12-29T09:05:00Z,1.0
2018-12-29T09:50:00Z,3.0
2018-12-29T09:55:00Z,2.0
2018-12-29T10:00:00Z,3.0
2018-12-29T10:30:00Z,1.0
2018-12-29T10:55:00Z,1.0
2018-12-29T11:25:00Z,5.0
2018-12-29T11:30:00Z,1.0
2018-12-29T11:35:00Z,1.0
2018-12-29T11:40:00Z,2.0
2018-12-29T11:55:00Z,5.0
2018-12-29T12:15:00Z,1.0
2018-12-29T12:35:00Z,2.0
2018-12-29T13:25:00Z,2.0
2018-12-29T14:15:00Z,4.0
2018-12-29T14:20:00Z,3.0
2018-12-29T14:25:00Z,4.0
2018-12-29T14:40:00Z,1.0
2018-12-29T15:05:00Z,21.0
2018-12-29T15:10:00Z,17.0
2018-12-29T15:15:00Z,1.0
2018-12-29T15:20:00Z,4.0
2018-12-29T15:25:00Z,1.0
2018-12-29T15:50:00Z,3.0
2018-12-29T16:20:00Z,1.0
2018-12-29T16:35:00Z,10.0
2018-12-29T16:40:00Z,5.0
2018-12-29T16:50:00Z,1.0
2018-12-29T16:55:00Z,1.0
2018-12-29T17:00:00Z,1.0
2018-12-29T17:05:00Z,1.0
2018-12-29T17:25:00Z,1.0
2018-12-29T18:25:00Z,1.0
2018-12-29T18:30:00Z,5.0
2018-12-29T18:40:00Z,1.0
2018-12-29T19:05:00Z,1.0
2018-12-29T19:10:00Z,1.0
2018-12-29T19:15:00Z,1.0
2018-12-29T19:20:00Z,1.0
2018-12-29T19:25:00Z,1.0
2018-12-29T19:30:00Z,1.0
2018-12-29T19:35:00Z,1.0
2018-12-29T20:05:00Z,3.0
2018-12-29T20:10:00Z,1.0
2018-12-29T20:20:00Z,3.0
2018-12-29T20:25:00Z,2.0
2018-12-29T20:35:00Z,1.0
2018-12-29T20:40:00Z,2.0
2018-12-29T21:00:00Z,2.0
2018-12-29T21:10:00Z,1.0
2018-12-29T21:15:00Z,6.0
2018-12-29T21:20:00Z,35.0
2018-12-29T22:05:00Z,1.0
2018-12-29T22:15:00Z,6.0
2018-12-29T22:35:00Z,27.0
2018-12-29T22:40:00Z,12.0
2018-12-29T22:45:00Z,1.0
2018-12-29T23:05:00Z,8.0
2018-12-29T23:10:00Z,6.0
2018-12-29T23:20:00Z,1.0
2018-12-29T23:25:00Z,16.0
2018-12-29T23:30:00Z,3.0
2018-12-29T23:45:00Z,1.0
2018-12-29T23:55:00Z,4.0
2018-12-30T00:00:00Z,57.0
2018-12-30T00:05:00Z,22.0
2018-12-30T00:30:00Z,6.0
2018-12-30T00:35:00Z,48.0
2018-12-30T00:40:00Z,78.0
2018-12-30T00:45:00Z,33.0
2018-12-30T01:10:00Z,5.0
2018-12-30T01:15:00Z,5.0
2018-12-30T01:20:00Z,52.0
2018-12-30T01:25:00Z,32.0
2018-12-30T01:35:00Z,1.0
2018-12-30T01:40:00Z,1.0
2018-12-30T01:50:00Z,2.0
2018-12-30T01:55:00Z,1.0
2018-12-30T02:00:00Z,4.0
2018-12-30T02:05:00Z,13.0
2018-12-30T02:10:00Z,3.0
2018-12-30T02:15:00Z,4.0
2018-12-30T02:20:00Z,2.0
2018-12-30T02:25:00Z,7.0
2018-12-30T02:30:00Z,29.0
2018-12-30T02:35:00Z,1.0
2018-12-30T02:45:00Z,5.0
2018-12-30T02:50:00Z,2.0
2018-12-30T02:55:00Z,1.0
2018-12-30T03:00:00Z,1.0
2018-12-30T03:05:00Z,1.0
2018-12-30T03:10:00Z,3.0
2018-12-30T03:15:00Z,2.0
2018-12-30T03:25:00Z,3.0
2018-12-30T03:30:00Z,5.0
2018-12-30T03:35:00Z,31.0
2018-12-30T03:40:00Z,12.0
2018-12-30T03:45:00Z,37.0
2018-12-30T03:50:00Z,4.0
2018-12-30T04:05:00Z,5.0
2018-12-30T04:10:00Z,3.0
2018-12-30T04:15:00Z,11.0
2018-12-30T04:20:00Z,62.0
2018-12-30T04:25:00Z,67.0
2018-12-30T04:30:00Z,46.0
2018-12-30T04:35:00Z,20.0
2018-12-30T04:40:00Z,1.0
2018-12-30T04:50:00Z,1.0
2018-12-30T04:55:00Z,7.0
2018-12-30T05:00:00Z,2.0
2018-12-30T05:10:00Z,1.0
2018-12-30T05:15:00Z,42.0
2018-12-30T05:20:00Z,54.0
2018-12-30T05:25:00Z,26.0
2018-12-30T05:30:00Z,30.0
2018-12-30T05:35:00Z,25.0
2018-12-30T05:40:00Z,62.0
2018-12-30T05:45:00Z,14.0
2018-12-30T05:50:00Z,3.0
2018-12-30T05:55:00Z,1.0
2018-12-30T06:00:00Z,7.0
2018-12-30T06:05:00Z,1.0
2018-12-30T06:10:00Z,5.0
2018-12-30T06:15:00Z,5.0
2018-12-30T06:20:00Z,2.0
2018-12-30T06:25:00Z,5.0
2018-12-30T06:30:00Z,6.0
2018-12-30T06:35:00Z,7.0
2018-12-30T06:40:00Z,1.0
2018-12-30T06:45:00Z,26.0
2018-12-30T06:50:00Z,46.0
2018-12-30T06:55:00Z,24.0
2018-12-30T07:00:00Z,10.0
2018-12-30T07:05:00Z,15.0
2018-12-30T07:10:00Z,9.0
2018-12-30T07:15:00Z,2.0
2018-12-30T07:20:00Z,2.0
2018-12-30T07:25:00Z,6.0
2018-12-30T07:30:00Z,5.0
2018-12-30T07:35:00Z,68.0
2018-12-30T07:40:00Z,46.0
2018-12-30T07:45:00Z,23.0
2018-12-30T07:50:00Z,4.0
2018-12-30T07:55:00Z,1.0
2018-12-30T08:00:00Z,6.0
2018-12-30T08:05:00Z,37.0
2018-12-30T08:10:00Z,87.0
2018-12-30T08:15:00Z,38.0
2018-12-30T08:25:00Z,4.0
2018-12-30T08:30:00Z,51.0
2018-12-30T08:35:00Z,79.0
2018-12-30T08:40:00Z,12.0
2018-12-30T08:50:00Z,43.0
2018-12-30T08:55:00Z,29.0
2018-12-30T09:00:00Z,2.0
2018-12-30T09:05:00Z,35.0
2018-12-30T09:10:00Z,10.0
2018-12-30T09:15:00Z,21.0
2018-12-30T09:20:00Z,47.0
2018-12-30T09:25:00Z,40.0
2018-12-30T09:30:00Z,16.0
2018-12-30T09:35:00Z,10.0
2018-12-30T09:40:00Z,19.0
2018-12-30T09:45:00Z,87.0
2018-12-30T09:50:00Z,31.0
2018-12-30T09:55:00Z,1.0
2018-12-30T10:00:00Z,8.0
2018-12-30T10:05:00Z,63.0
2018-12-30T10:10:00Z,42.0
2018-12-30T10:15:00Z,4.0
2018-12-30T10:20:00Z,25.0
2018-12-30T10:25:00Z,11.0
2018-12-30T10:30:00Z,18.0
2018-12-30T10:35:00Z,7.0
2018-12-30T10:40:00Z,35.0
2018-12-30T10:45:00Z,107.0
2018-12-30T10:50:00Z,15.0
2018-12-30T10:55:00Z,46.0
2018-12-30T11:00:00Z,85.0
2018-12-30T11:05:00Z,92.0
2018-12-30T11:10:00Z,7.0
2018-12-30T11:15:00Z,8.0
2018-12-30T11:20:00Z,28.0
2018-12-30T11:25:00Z,7.0
2018-12-30T11:30:00Z,4.0
2018-12-30T11:35:00Z,7.0
2018-12-30T11:40:00Z,1.0
2018-12-30T11:45:00Z,2.0
2018-12-30T11:55:00Z,1.0
2018-12-30T12:00:00Z,2.0
2018-12-30T12:10:00Z,1.0
2018-12-30T12:15:00Z,2.0
2018-12-30T12:20:00Z,3.0
2018-12-30T12:25:00Z,3.0
2018-12-30T12:30:00Z,4.0
2018-12-30T12:35:00Z,3.0
2018-12-30T12:40:00Z,3.0
2018-12-30T12:50:00Z,2.0
2018-12-30T12:55:00Z,3.0
2018-12-30T13:00:00Z,2.0
2018-12-30T13:05:00Z,2.0
2018-12-30T13:10:00Z,5.0
2018-12-30T13:15:00Z,1.0
2018-12-30T13:20:00Z,1.0
2018-12-30T13:25:00Z,1.0
2018-12-30T13:30:00Z,2.0
2018-12-30T13:35:00Z,1.0
2018-12-30T13:40:00Z,1.0
2018-12-30T13:45:00Z,5.0
2018-12-30T13:55:00Z,2.0
2018-12-30T14:00:00Z,4.0
2018-12-30T14:05:00Z,1.0
2018-12-30T14:10:00Z,1.0
2018-12-30T14:15:00Z,2.0
2018-12-30T14:20:00Z,1.0
2018-12-30T14:25:00Z,1.0
2018-12-30T14:30:00Z,2.0
2018-12-30T14:35:00Z,4.0
2018-12-30T14:40:00Z,2.0
2018-12-30T14:45:00Z,27.0
2018-12-30T14:50:00Z,9.0
2018-12-30T14:55:00Z,4.0
2018-12-30T15:00:00Z,1.0
2018-12-30T15:05:00Z,1.0
2018-12-30T15:10:00Z,2.0
2018-12-30T15:20:00Z,3.0
2018-12-30T15:25:00Z,2.0
2018-12-30T15:30:00Z,4.0
2018-12-30T15:35:00Z,1.0
2018-12-30T15:40:00Z,2.0
2018-12-30T15:45:00Z,1.0
2018-12-30T15:50:00Z,3.0
2018-12-30T15:55:00Z,1.0
2018-12-30T16:00:00Z,4.0
2018-12-30T16:05:00Z,1.0
2018-12-30T16:10:00Z,2.0
2018-12-30T16:15:00Z,1.0
2018-12-30T16:25:00Z,2.0
2018-12-30T16:30:00Z,2.0
2018-12-30T16:35:00Z,1.0
2018-12-30T16:40:00Z,1.0
2018-12-30T16:45:00Z,2.0
2018-12-30T16:55:00Z,1.0
2018-12-30T17:05:00Z,1.0
2018-12-30T17:10:00Z,1.0
2018-12-30T17:15:00Z,2.0
2018-12-30T17:20:00Z,2.0
2018-12-30T17:25:00Z,1.0
2018-12-30T17:30:00Z,2.0
2018-12-30T17:35:00Z,1.0
2018-12-30T17:40:00Z,2.0
2018-12-30T17:45:00Z,22.0
2018-12-30T17:50:00Z,5.0
2018-12-30T17:55:00Z,3.0
2018-12-30T18:00:00Z,1.0
2018-12-30T18:10:00Z,1.0
2018-12-30T18:15:00Z,1.0
2018-12-30T18:25:00Z,8.0
2018-12-30T18:30:00Z,4.0
2018-12-30T18:40:00Z,1.0
2018-12-30T18:45:00Z,1.0
2018-12-30T18:50:00Z,4.0
2018-12-30T18:55:00Z,2.0
2018-12-30T19:00:00Z,1.0
2018-12-30T19:05:00Z,66.0
2018-12-30T19:10:00Z,8.0
2018-12-30T19:15:00Z,1.0
2018-12-30T19:20:00Z,2.0
2018-12-30T19:25:00Z,1.0
2018-12-30T19:30:00Z,2.0
2018-12-30T19:40:00Z,2.0
2018-12-30T19:45:00Z,2.0
2018-12-30T19:50:00Z,2.0
2018-12-30T20:00:00Z,1.0
2018-12-30T20:05:00Z,3.0
2018-12-30T20:10:00Z,1.0
2018-12-30T20:20:00Z,5.0
2018-12-30T20:25:00Z,14.0
2018-12-30T20:35:00Z,1.0
2018-12-30T20:40:00Z,1.0
2018-12-30T20:45:00Z,1.0
2018-12-30T20:50:00Z,1.0
2018-12-30T20:55:00Z,3.0
2018-12-30T21:05:00Z,2.0
2018-12-30T21:10:00Z,1.0
2018-12-30T21:15:00Z,1.0
2018-12-30T21:20:00Z,1.0
2018-12-30T21:30:00Z,1.0
2018-12-30T21:35:00Z,2.0
2018-12-30T21:40:00Z,3.0
2018-12-30T21:45:00Z,2.0
2018-12-30T21:50:00Z,6.0
2018-12-30T21:55:00Z,1.0
2018-12-30T22:00:00Z,1.0
2018-12-30T22:05:00Z,1.0
2018-12-30T22:15:00Z,2.0
2018-12-30T22:30:00Z,1.0
2018-12-30T22:35:00Z,1.0
2018-12-30T22:40:00Z,8.0
2018-12-30T22:45:00Z,1.0
2018-12-30T22:50:00Z,1.0
2018-12-30T22:55:00Z,3.0
2018-12-30T23:00:00Z,5.0
2018-12-30T23:05:00Z,2.0
2018-12-30T23:10:00Z,4.0
2018-12-30T23:15:00Z,1.0
2018-12-30T23:20:00Z,2.0
2018-12-30T23:40:00Z,5.0
2018-12-30T23:45:00Z,3.0
2018-12-30T23:50:00Z,1.0
2018-12-30T23:55:00Z,1.0
2018-12-31T00:05:00Z,2.0
2018-12-31T00:15:00Z,3.0
2018-12-31T00:20:00Z,3.0
2018-12-31T00:25:00Z,1.0
2018-12-31T00:30:00Z,1.0
2018-12-31T00:40:00Z,1.0
2018-12-31T00:45:00Z,1.0
2018-12-31T00:55:00Z,2.0
2018-12-31T01:05:00Z,4.0
2018-12-31T01:15:00Z,4.0
2018-12-31T01:20:00Z,1.0
2018-12-31T01:25:00Z,1.0
2018-12-31T01:30:00Z,3.0
2018-12-31T01:35:00Z,3.0
2018-12-31T01:40:00Z,2.0
2018-12-31T01:45:00Z,1.0
2018-12-31T01:50:00Z,3.0
2018-12-31T01:55:00Z,2.0
2018-12-31T02:00:00Z,1.0
2018-12-31T02:05:00Z,1.0
2018-12-31T02:10:00Z,1.0
2018-12-31T02:20:00Z,2.0
2018-12-31T02:25:00Z,1.0
2018-12-31T02:30:00Z,1.0
2018-12-31T02:35:00Z,2.0
2018-12-31T02:40:00Z,6.0
2018-12-31T02:50:00Z,3.0
2018-12-31T03:00:00Z,1.0
2018-12-31T03:10:00Z,1.0
2018-12-31T03:15:00Z,4.0
2018-12-31T03:20:00Z,1.0
2018-12-31T03:25:00Z,12.0
2018-12-31T03:30:00Z,10.0
2018-12-31T03:35:00Z,32.0
2018-12-31T03:40:00Z,4.0
2018-12-31T03:45:00Z,2.0
2018-12-31T03:50:00Z,5.0
2018-12-31T03:55:00Z,1.0
2018-12-31T04:05:00Z,1.0
2018-12-31T04:45:00Z,7.0
2018-12-31T04:50:00Z,2.0
2018-12-31T05:10:00Z,1.0
2018-12-31T06:35:00Z,1.0
2018-12-31T08:40:00Z,1.0
2018-12-31T08:45:00Z,1.0
2018-12-31T09:25:00Z,1.0
2018-12-31T09:55:00Z,1.0
2018-12-31T10:10:00Z,1.0
2018-12-31T10:15:00Z,14.0
2018-12-31T10:20:00Z,71.0
2018-12-31T10:25:00Z,7.0
2018-12-31T10:30:00Z,6.0
2018-12-31T10:35:00Z,4.0
2018-12-31T10:40:00Z,78.0
2018-12-31T10:45:00Z,10.0
2018-12-31T10:50:00Z,1.0
2018-12-31T11:55:00Z,2.0
2018-12-31T12:00:00Z,4.0
2018-12-31T12:40:00Z,1.0
2018-12-31T14:00:00Z,1.0
2018-12-31T14:05:00Z,6.0
2018-12-31T14:10:00Z,8.0
2018-12-31T14:30:00Z,1.0
2018-12-31T14:35:00Z,3.0
2018-12-31T15:05:00Z,5.0
2018-12-31T15:10:00Z,3.0
2018-12-31T15:20:00Z,2.0
2018-12-31T15:25:00Z,5.0
2018-12-31T16:05:00Z,1.0
2018-12-31T16:15:00Z,1.0
2018-12-31T16:50:00Z,1.0
2018-12-31T16:55:00Z,1.0
2018-12-31T17:15:00Z,1.0
2018-12-31T18:00:00Z,1.0
2018-12-31T18:05:00Z,2.0
2018-12-31T18:10:00Z,1.0
2018-12-31T18:35:00Z,1.0
2018-12-31T18:50:00Z,1.0
2018-12-31T18:55:00Z,2.0
2018-12-31T19:10:00Z,18.0
2018-12-31T19:15:00Z,10.0
2018-12-31T19:25:00Z,1.0
2018-12-31T19:55:00Z,2.0
2018-12-31T20:00:00Z,1.0
2018-12-31T20:20:00Z,1.0
2018-12-31T21:25:00Z,3.0
2018-12-31T22:20:00Z,1.0
2018-12-31T22:35:00Z,2.0
2018-12-31T22:40:00Z,1.0
2019-01-01T00:50:00Z,1.0
2019-01-01T01:00:00Z,1.0
2019-01-01T02:05:00Z,1.0
2019-01-01T02:30:00Z,1.0
2019-01-01T03:15:00Z,2.0
2019-01-01T03:20:00Z,2.0
2019-01-01T04:15:00Z,2.0
2019-01-01T04:20:00Z,1.0
2019-01-01T07:35:00Z,1.0
2019-01-01T07:45:00Z,1.0
2019-01-01T08:05:00Z,1.0
2019-01-01T08:45:00Z,1.0
2019-01-01T09:20:00Z,1.0
2019-01-01T10:05:00Z,1.0
2019-01-01T11:00:00Z,1.0
2019-01-01T12:20:00Z,3.0
2019-01-01T12:25:00Z,2.0
2019-01-01T12:55:00Z,11.0
2019-01-01T13:00:00Z,16.0
2019-01-01T13:05:00Z,1.0
2019-01-01T13:45:00Z,1.0
2019-01-01T15:05:00Z,4.0
2019-01-01T15:10:00Z,4.0
2019-01-01T15:15:00Z,2.0
2019-01-01T15:20:00Z,10.0
2019-01-01T15:25:00Z,2.0
2019-01-01T15:30:00Z,19.0
2019-01-01T15:35:00Z,42.0
2019-01-01T15:40:00Z,1.0
2019-01-01T15:45:00Z,1.0
2019-01-01T16:05:00Z,2.0
2019-01-01T16:40:00Z,3.0
2019-01-01T16:45:00Z,2.0
2019-01-01T17:05:00Z,1.0
2019-01-01T17:15:00Z,1.0
2019-01-01T17:20:00Z,1.0
2019-01-01T17:25:00Z,3.0
2019-01-01T17:30:00Z,2.0
2019-01-01T18:50:00Z,1.0
2019-01-01T19:20:00Z,1.0
2019-01-01T19:45:00Z,1.0
2019-01-01T19:50:00Z,1.0
2019-01-01T21:35:00Z,1.0
2019-01-01T21:40:00Z,1.0
2019-01-01T21:50:00Z,1.0
2019-01-01T23:50:00Z,1.0
2019-01-02T01:00:00Z,1.0
2019-01-02T01:50:00Z,1.0
2019-01-02T01:55:00Z,1.0
2019-01-02T02:35:00Z,2.0
2019-01-02T03:05:00Z,1.0
2019-01-02T03:10:00Z,2.0
2019-01-02T03:45:00Z,1.0
2019-01-02T04:10:00Z,1.0
2019-01-02T04:15:00Z,1.0
2019-01-02T04:25:00Z,1.0
2019-01-02T05:25:00Z,1.0
2019-01-02T06:00:00Z,1.0
2019-01-02T06:30:00Z,3.0
2019-01-02T07:05:00Z,2.0
2019-01-02T07:40:00Z,1.0
2019-01-02T08:50:00Z,1.0
2019-01-02T09:30:00Z,2.0
2019-01-02T09:35:00Z,1.0
2019-01-02T09:40:00Z,1.0
2019-01-02T09:50:00Z,1.0
2019-01-02T10:15:00Z,1.0
2019-01-02T10:30:00Z,3.0
2019-01-02T10:35:00Z,5.0
2019-01-02T11:10:00Z,17.0
2019-01-02T11:15:00Z,11.0
2019-01-02T11:45:00Z,1.0
2019-01-02T12:05:00Z,1.0
2019-01-02T12:10:00Z,1.0
2019-01-02T12:15:00Z,4.0
2019-01-02T12:45:00Z,1.0
2019-01-02T12:50:00Z,2.0
2019-01-02T13:00:00Z,1.0
2019-01-02T13:10:00Z,2.0
2019-01-02T13:15:00Z,2.0
2019-01-02T13:35:00Z,2.0
2019-01-02T13:45:00Z,1.0
2019-01-02T14:00:00Z,2.0
2019-01-02T14:50:00Z,1.0
2019-01-02T15:20:00Z,1.0
2019-01-02T15:25:00Z,9.0
2019-01-02T15:50:00Z,1.0
2019-01-02T16:25:00Z,2.0
2019-01-02T16:35:00Z,1.0
2019-01-02T16:50:00Z,34.0
2019-01-02T16:55:00Z,133.0
2019-01-02T17:20:00Z,1.0
2019-01-02T17:35:00Z,1.0
2019-01-02T17:50:00Z,1.0
2019-01-02T18:10:00Z,183.0
2019-01-02T18:15:00Z,132.0
2019-01-02T18:30:00Z,17.0
2019-01-02T18:35:00Z,27.0
2019-01-02T18:55:00Z,4.0
2019-01-02T19:00:00Z,1.0
2019-01-02T19:10:00Z,2.0
2019-01-02T19:15:00Z,1.0
2019-01-02T19:25:00Z,1.0
2019-01-02T19:30:00Z,2.0
2019-01-02T19:35:00Z,1.0
2019-01-02T19:40:00Z,1.0
2019-01-02T20:00:00Z,1.0
2019-01-02T20:35:00Z,1.0
2019-01-02T20:55:00Z,1.0
2019-01-02T21:00:00Z,2.0
2019-01-02T21:15:00Z,2.0
2019-01-02T21:40:00Z,1.0
2019-01-02T21:45:00Z,1.0
2019-01-02T22:00:00Z,1.0
2019-01-02T22:05:00Z,1.0
2019-01-02T22:10:00Z,2.0
2019-01-02T22:25:00Z,1.0
2019-01-02T22:30:00Z,6.0
2019-01-02T22:40:00Z,1.0
2019-01-02T22:50:00Z,2.0
2019-01-02T22:55:00Z,4.0
2019-01-02T23:15:00Z,2.0
2019-01-02T23:20:00Z,1.0
2019-01-02T23:35:00Z,2.0
2019-01-02T23:45:00Z,1.0
2019-01-02T23:50:00Z,1.0
2019-01-03T00:05:00Z,1.0
2019-01-03T00:10:00Z,1.0
2019-01-03T00:20:00Z,5.0
2019-01-03T00:30:00Z,1.0
2019-01-03T00:35:00Z,1.0
2019-01-03T00:40:00Z,1.0
2019-01-03T00:50:00Z,1.0
2019-01-03T00:55:00Z,1.0
2019-01-03T01:10:00Z,2.0
2019-01-03T01:20:00Z,1.0
2019-01-03T01:40:00Z,1.0
2019-01-03T01:45:00Z,7.0
2019-01-03T01:50:00Z,12.0
2019-01-03T01:55:00Z,1.0
2019-01-03T02:00:00Z,2.0
2019-01-03T02:15:00Z,2.0
2019-01-03T02:20:00Z,22.0
2019-01-03T02:25:00Z,1.0
2019-01-03T02:35:00Z,1.0
2019-01-03T02:45:00Z,8.0
2019-01-03T02:50:00Z,36.0
2019-01-03T02:55:00Z,1.0
2019-01-03T03:05:00Z,1.0
2019-01-03T03:10:00Z,9.0
2019-01-03T03:20:00Z,2.0
2019-01-03T03:25:00Z,7.0
2019-01-03T03:30:00Z,1.0
2019-01-03T03:35:00Z,4.0
2019-01-03T03:50:00Z,2.0
2019-01-03T04:00:00Z,6.0
2019-01-03T04:05:00Z,9.0
2019-01-03T04:10:00Z,1.0
2019-01-03T04:15:00Z,2.0
2019-01-03T04:20:00Z,1.0
2019-01-03T04:25:00Z,8.0
2019-01-03T04:30:00Z,4.0
2019-01-03T04:35:00Z,5.0
2019-01-03T04:40:00Z,4.0
2019-01-03T04:45:00Z,4.0
2019-01-03T04:50:00Z,3.0
2019-01-03T04:55:00Z,5.0
2019-01-03T05:00:00Z,1.0
2019-01-03T05:05:00Z,1.0
2019-01-03T05:20:00Z,5.0
2019-01-03T05:25:00Z,5.0
2019-01-03T05:30:00Z,3.0
2019-01-03T05:40:00Z,1.0
2019-01-03T05:45:00Z,6.0
2019-01-03T05:50:00Z,5.0
2019-01-03T05:55:00Z,1.0
2019-01-03T06:00:00Z,3.0
2019-01-03T06:05:00Z,1.0
2019-01-03T06:10:00Z,1.0
2019-01-03T06:20:00Z,3.0
2019-01-03T06:25:00Z,1.0
2019-01-03T06:30:00Z,1.0
2019-01-03T06:40:00Z,4.0
2019-01-03T06:45:00Z,1.0
2019-01-03T06:50:00Z,1.0
2019-01-03T07:00:00Z,3.0
2019-01-03T07:05:00Z,26.0
2019-01-03T07:10:00Z,36.0
2019-01-03T07:15:00Z,22.0
2019-01-03T07:25:00Z,3.0
2019-01-03T07:30:00Z,1.0
2019-01-03T07:50:00Z,24.0
2019-01-03T07:55:00Z,15.0
2019-01-03T08:00:00Z,1.0
2019-01-03T08:05:00Z,4.0
2019-01-03T08:10:00Z,2.0
2019-01-03T08:15:00Z,1.0
2019-01-03T08:25:00Z,1.0
2019-01-03T08:35:00Z,5.0
2019-01-03T08:40:00Z,2.0
2019-01-03T08:45:00Z,2.0
2019-01-03T08:50:00Z,3.0
2019-01-03T08:55:00Z,1.0
2019-01-03T09:00:00Z,5.0
2019-01-03T09:05:00Z,33.0
2019-01-03T09:10:00Z,3.0
2019-01-03T09:15:00Z,10.0
2019-01-03T09:20:00Z,18.0
2019-01-03T09:25:00Z,33.0
2019-01-03T09:30:00Z,16.0
2019-01-03T09:35:00Z,8.0
2019-01-03T09:40:00Z,2.0
2019-01-03T09:45:00Z,3.0
2019-01-03T09:50:00Z,2.0
2019-01-03T09:55:00Z,4.0
2019-01-03T10:00:00Z,5.0
2019-01-03T10:05:00Z,6.0
2019-01-03T10:10:00Z,6.0
2019-01-03T10:15:00Z,3.0
2019-01-03T10:20:00Z,2.0
2019-01-03T10:25:00Z,8.0
2019-01-03T10:30:00Z,6.0
2019-01-03T10:35:00Z,2.0
2019-01-03T10:45:00Z,1.0
2019-01-03T10:50:00Z,1.0
2019-01-03T10:55:00Z,9.0
2019-01-03T11:00:00Z,8.0
2019-01-03T11:05:00Z,13.0
2019-01-03T11:10:00Z,14.0
2019-01-03T11:15:00Z,10.0
2019-01-03T11:20:00Z,6.0
2019-01-03T11:25:00Z,13.0
2019-01-03T11:30:00Z,22.0
2019-01-03T11:35:00Z,42.0
2019-01-03T11:40:00Z,23.0
2019-01-03T11:45:00Z,6.0
2019-01-03T11:50:00Z,5.0
2019-01-03T11:55:00Z,8.0
2019-01-03T12:00:00Z,14.0
2019-01-03T12:05:00Z,11.0
2019-01-03T12:10:00Z,3.0
2019-01-03T12:15:00Z,21.0
2019-01-03T12:20:00Z,12.0
2019-01-03T12:25:00Z,8.0
2019-01-03T12:30:00Z,9.0
2019-01-03T12:35:00Z,4.0
2019-01-03T12:40:00Z,51.0
2019-01-03T12:45:00Z,75.0
2019-01-03T12:50:00Z,13.0
2019-01-03T12:55:00Z,14.0
2019-01-03T13:00:00Z,3.0
2019-01-03T13:05:00Z,1.0
2019-01-03T13:10:00Z,6.0
2019-01-03T13:15:00Z,38.0
2019-01-03T13:20:00Z,41.0
2019-01-03T13:25:00Z,13.0
2019-01-03T13:30:00Z,5.0
2019-01-03T13:35:00Z,6.0
2019-01-03T13:40:00Z,14.0
2019-01-03T13:45:00Z,11.0
2019-01-03T13:50:00Z,40.0
2019-01-03T13:55:00Z,10.0
2019-01-03T14:00:00Z,10.0
2019-01-03T14:05:00Z,7.0
2019-01-03T14:10:00Z,7.0
2019-01-03T14:15:00Z,11.0
2019-01-03T14:20:00Z,24.0
2019-01-03T14:25:00Z,2.0
2019-01-03T14:30:00Z,11.0
2019-01-03T14:35:00Z,12.0
2019-01-03T14:40:00Z,15.0
2019-01-03T14:45:00Z,10.0
2019-01-03T14:50:00Z,5.0
2019-01-03T14:55:00Z,19.0
2019-01-03T15:00:00Z,5.0
2019-01-03T15:05:00Z,14.0
2019-01-03T15:10:00Z,5.0
2019-01-03T15:15:00Z,11.0
2019-01-03T15:20:00Z,15.0
2019-01-03T15:25:00Z,12.0
2019-01-03T15:30:00Z,15.0
2019-01-03T15:35:00Z,42.0
2019-01-03T15:40:00Z,13.0
2019-01-03T15:45:00Z,5.0
2019-01-03T15:50:00Z,18.0
2019-01-03T15:55:00Z,13.0
2019-01-03T16:00:00Z,14.0
2019-01-03T16:05:00Z,7.0
2019-01-03T16:10:00Z,3.0
2019-01-03T16:15:00Z,1.0
2019-01-03T16:20:00Z,1.0
2019-01-03T16:25:00Z,14.0
2019-01-03T16:30:00Z,17.0
2019-01-03T16:35:00Z,15.0
2019-01-03T16:40:00Z,9.0
2019-01-03T16:45:00Z,6.0
2019-01-03T16:50:00Z,4.0
2019-01-03T16:55:00Z,6.0
2019-01-03T17:00:00Z,16.0
2019-01-03T17:05:00Z,6.0
2019-01-03T17:10:00Z,32.0
2019-01-03T17:15:00Z,46.0
2019-01-03T17:20:00Z,11.0
2019-01-03T17:25:00Z,8.0
2019-01-03T17:30:00Z,28.0
2019-01-03T17:35:00Z,72.0
2019-01-03T17:40:00Z,14.0
2019-01-03T17:45:00Z,9.0
2019-01-03T17:50:00Z,6.0
2019-01-03T17:55:00Z,1.0
2019-01-03T18:00:00Z,1.0
2019-01-03T18:05:00Z,20.0
2019-01-03T18:10:00Z,31.0
2019-01-03T18:15:00Z,11.0
2019-01-03T18:20:00Z,16.0
2019-01-03T18:25:00Z,22.0
2019-01-03T18:30:00Z,86.0
2019-01-03T18:35:00Z,13.0
2019-01-03T18:40:00Z,16.0
2019-01-03T18:45:00Z,7.0
2019-01-03T18:50:00Z,13.0
2019-01-03T18:55:00Z,19.0
2019-01-03T19:00:00Z,13.0
2019-01-03T19:05:00Z,60.0
2019-01-03T19:10:00Z,17.0
2019-01-03T19:15:00Z,12.0
2019-01-03T19:20:00Z,15.0
2019-01-03T19:25:00Z,11.0
2019-01-03T19:30:00Z,7.0
2019-01-03T19:35:00Z,10.0
2019-01-03T19:40:00Z,20.0
2019-01-03T19:45:00Z,76.0
2019-01-03T19:50:00Z,109.0
2019-01-03T19:55:00Z,17.0
2019-01-03T20:00:00Z,12.0
2019-01-03T20:05:00Z,13.0
2019-01-03T20:10:00Z,13.0
2019-01-03T20:15:00Z,7.0
2019-01-03T20:20:00Z,1.0
2019-01-03T20:25:00Z,11.0
2019-01-03T20:30:00Z,12.0
2019-01-03T20:35:00Z,36.0
2019-01-03T20:40:00Z,88.0
2019-01-03T20:45:00Z,50.0
2019-01-03T20:50:00Z,40.0
2019-01-03T20:55:00Z,30.0
2019-01-03T21:00:00Z,30.0
2019-01-03T21:05:00Z,23.0
2019-01-03T21:10:00Z,29.0
2019-01-03T21:15:00Z,50.0
2019-01-03T21:20:00Z,27.0
2019-01-03T21:25:00Z,42.0
2019-01-03T21:30:00Z,30.0
2019-01-03T21:35:00Z,12.0
2019-01-03T21:40:00Z,9.0
2019-01-03T21:45:00Z,13.0
2019-01-03T21:50:00Z,6.0
2019-01-03T21:55:00Z,7.0
2019-01-03T22:00:00Z,4.0
2019-01-03T22:05:00Z,3.0
2019-01-03T22:10:00Z,7.0
2019-01-03T22:15:00Z,14.0
2019-01-03T22:20:00Z,15.0
2019-01-03T22:25:00Z,7.0
2019-01-03T22:30:00Z,8.0
2019-01-03T22:40:00Z,4.0
2019-01-03T22:45:00Z,4.0
2019-01-03T22:50:00Z,2.0
2019-01-03T22:55:00Z,3.0
2019-01-03T23:00:00Z,4.0
2019-01-03T23:05:00Z,8.0
2019-01-03T23:15:00Z,3.0
2019-01-03T23:20:00Z,3.0
2019-01-03T23:25:00Z,9.0
2019-01-03T23:30:00Z,3.0
2019-01-03T23:35:00Z,3.0
2019-01-03T23:40:00Z,1.0
2019-01-03T23:45:00Z,6.0
2019-01-03T23:50:00Z,3.0
2019-01-03T23:55:00Z,6.0
2019-01-04T00:00:00Z,7.0
2019-01-04T00:05:00Z,10.0
2019-01-04T00:10:00Z,2.0
2019-01-04T00:15:00Z,4.0
2019-01-04T00:20:00Z,5.0
2019-01-04T00:25:00Z,3.0
2019-01-04T00:30:00Z,8.0
2019-01-04T00:35:00Z,4.0
2019-01-04T00:40:00Z,4.0
2019-01-04T00:45:00Z,3.0
2019-01-04T00:50:00Z,4.0
2019-01-04T00:55:00Z,2.0
2019-01-04T01:00:00Z,2.0
2019-01-04T01:05:00Z,6.0
2019-01-04T01:10:00Z,3.0
2019-01-04T01:15:00Z,1.0
2019-01-04T01:20:00Z,8.0
2019-01-04T01:25:00Z,11.0
2019-01-04T01:30:00Z,9.0
2019-01-04T01:35:00Z,4.0
2019-01-04T01:45:00Z,1.0
2019-01-04T01:50:00Z,1.0
2019-01-04T01:55:00Z,2.0
2019-01-04T02:00:00Z,1.0
2019-01-04T02:05:00Z,2.0
2019-01-04T02:10:00Z,1.0
2019-01-04T02:15:00Z,2.0
2019-01-04T02:20:00Z,2.0
2019-01-04T02:25:00Z,1.0
2019-01-04T02:30:00Z,4.0
2019-01-04T02:45:00Z,1.0
2019-01-04T03:00:00Z,1.0
2019-01-04T03:30:00Z,1.0
2019-01-04T03:40:00Z,1.0
2019-01-04T03:45:00Z,1.0
2019-01-04T03:50:00Z,1.0
2019-01-04T04:00:00Z,3.0
2019-01-04T04:05:00Z,1.0
2019-01-04T04:10:00Z,1.0
2019-01-04T04:45:00Z,1.0
2019-01-04T04:55:00Z,1.0
2019-01-04T05:00:00Z,3.0
2019-01-04T05:05:00Z,1.0
2019-01-04T05:50:00Z,3.0
2019-01-04T05:55:00Z,2.0
2019-01-04T06:00:00Z,3.0
2019-01-04T06:10:00Z,1.0
2019-01-04T06:20:00Z,4.0
2019-01-04T06:25:00Z,1.0
2019-01-04T06:40:00Z,4.0
2019-01-04T06:50:00Z,1.0
2019-01-04T06:55:00Z,3.0
2019-01-04T07:00:00Z,1.0
2019-01-04T07:05:00Z,1.0
2019-01-04T07:10:00Z,2.0
2019-01-04T07:25:00Z,2.0
2019-01-04T07:30:00Z,3.0
2019-01-04T07:40:00Z,1.0
2019-01-04T07:50:00Z,1.0
2019-01-04T07:55:00Z,2.0
2019-01-04T08:05:00Z,1.0
2019-01-04T08:10:00Z,3.0
2019-01-04T08:20:00Z,3.0
2019-01-04T08:30:00Z,2.0
2019-01-04T08:35:00Z,1.0
2019-01-04T08:45:00Z,1.0
2019-01-04T08:50:00Z,2.0
2019-01-04T09:00:00Z,2.0
2019-01-04T09:10:00Z,1.0
2019-01-04T09:15:00Z,1.0
2019-01-04T09:30:00Z,1.0
2019-01-04T09:35:00Z,2.0
2019-01-04T09:40:00Z,2.0
2019-01-04T09:50:00Z,1.0
2019-01-04T10:05:00Z,1.0
2019-01-04T10:10:00Z,1.0
2019-01-04T10:20:00Z,36.0
2019-01-04T10:25:00Z,33.0
2019-01-04T10:30:00Z,1.0
2019-01-04T10:40:00Z,12.0
2019-01-04T10:45:00Z,10.0
2019-01-04T11:00:00Z,3.0
2019-01-04T11:10:00Z,1.0
2019-01-04T11:15:00Z,1.0
2019-01-04T11:30:00Z,1.0
2019-01-04T11:35:00Z,1.0
2019-01-04T11:40:00Z,4.0
2019-01-04T11:55:00Z,6.0
2019-01-04T12:00:00Z,1.0
2019-01-04T12:15:00Z,1.0
2019-01-04T12:20:00Z,2.0
2019-01-04T12:25:00Z,2.0
2019-01-04T12:30:00Z,1.0
2019-01-04T12:40:00Z,1.0
2019-01-04T12:45:00Z,1.0
2019-01-04T13:00:00Z,2.0
2019-01-04T13:10:00Z,2.0
2019-01-04T13:15:00Z,1.0
2019-01-04T13:20:00Z,2.0
2019-01-04T13:25:00Z,2.0
2019-01-04T13:30:00Z,1.0
2019-01-04T13:35:00Z,1.0
2019-01-04T13:40:00Z,11.0
2019-01-04T13:45:00Z,17.0
2019-01-04T13:50:00Z,68.0
2019-01-04T13:55:00Z,5.0
2019-01-04T14:00:00Z,7.0
2019-01-04T14:05:00Z,25.0
2019-01-04T14:10:00Z,3.0
2019-01-04T14:15:00Z,7.0
2019-01-04T14:20:00Z,7.0
2019-01-04T14:25:00Z,10.0
2019-01-04T14:30:00Z,2.0
2019-01-04T14:35:00Z,13.0
2019-01-04T14:40:00Z,8.0
2019-01-04T14:45:00Z,8.0
2019-01-04T14:50:00Z,5.0
2019-01-04T14:55:00Z,10.0
2019-01-04T15:00:00Z,26.0
2019-01-04T15:05:00Z,151.0
2019-01-04T15:10:00Z,10.0
2019-01-04T15:15:00Z,4.0
2019-01-04T15:20:00Z,10.0
2019-01-04T15:25:00Z,5.0
2019-01-04T15:35:00Z,7.0
2019-01-04T15:40:00Z,56.0
2019-01-04T15:45:00Z,37.0
2019-01-04T15:50:00Z,6.0
2019-01-04T15:55:00Z,16.0
2019-01-04T16:00:00Z,287.0
2019-01-04T16:05:00Z,69.0
2019-01-04T16:10:00Z,12.0
2019-01-04T16:15:00Z,9.0
2019-01-04T16:20:00Z,120.0
2019-01-04T16:25:00Z,57.0
2019-01-04T16:30:00Z,9.0
2019-01-04T16:35:00Z,4.0
2019-01-04T16:40:00Z,2.0
2019-01-04T16:45:00Z,3.0
2019-01-04T16:50:00Z,5.0
2019-01-04T16:55:00Z,10.0
2019-01-04T17:00:00Z,5.0
2019-01-04T17:05:00Z,4.0
2019-01-04T17:10:00Z,3.0
2019-01-04T17:15:00Z,55.0
2019-01-04T17:20:00Z,93.0
2019-01-04T17:25:00Z,4.0
2019-01-04T17:30:00Z,3.0
2019-01-04T17:35:00Z,3.0
2019-01-04T17:40:00Z,5.0
2019-01-04T17:45:00Z,6.0
2019-01-04T17:50:00Z,8.0
2019-01-04T17:55:00Z,2.0
2019-01-04T18:00:00Z,3.0
2019-01-04T18:05:00Z,3.0
2019-01-04T18:10:00Z,2.0
2019-01-04T18:15:00Z,2.0
2019-01-04T18:20:00Z,2.0
2019-01-04T18:25:00Z,4.0
2019-01-04T18:30:00Z,3.0
2019-01-04T18:35:00Z,8.0
2019-01-04T18:40:00Z,3.0
2019-01-04T18:45:00Z,2.0
2019-01-04T18:50:00Z,5.0
2019-01-04T18:55:00Z,1.0
2019-01-04T19:00:00Z,4.0
2019-01-04T19:05:00Z,2.0
2019-01-04T19:10:00Z,2.0
2019-01-04T19:15:00Z,5.0
2019-01-04T19:20:00Z,4.0
2019-01-04T19:25:00Z,3.0
2019-01-04T19:30:00Z,2.0
2019-01-04T19:35:00Z,2.0
2019-01-04T19:40:00Z,8.0
2019-01-04T19:45:00Z,4.0
2019-01-04T19:50:00Z,3.0
2019-01-04T19:55:00Z,3.0
2019-01-04T20:00:00Z,5.0
2019-01-04T20:05:00Z,1.0
2019-01-04T20:10:00Z,2.0
2019-01-04T20:15:00Z,2.0
2019-01-04T20:20:00Z,1.0
2019-01-04T20:25:00Z,3.0
2019-01-04T20:30:00Z,4.0
2019-01-04T20:35:00Z,4.0
2019-01-04T20:40:00Z,1.0
2019-01-04T20:50:00Z,2.0
2019-01-04T20:55:00Z,3.0
2019-01-04T21:15:00Z,5.0
2019-01-04T21:20:00Z,3.0
2019-01-04T21:25:00Z,2.0
2019-01-04T21:30:00Z,1.0
2019-01-04T21:35:00Z,2.0
2019-01-04T21:40:00Z,1.0
2019-01-04T21:45:00Z,3.0
2019-01-04T21:50:00Z,2.0
2019-01-04T21:55:00Z,9.0
2019-01-04T22:00:00Z,5.0
2019-01-04T22:05:00Z,4.0
2019-01-04T22:10:00Z,2.0
2019-01-04T22:15:00Z,1.0
2019-01-04T22:20:00Z,2.0
2019-01-04T22:25:00Z,2.0
2019-01-04T22:30:00Z,3.0
2019-01-04T22:35:00Z,1.0
2019-01-04T22:40:00Z,1.0
2019-01-04T22:45:00Z,1.0
2019-01-04T22:55:00Z,1.0
2019-01-04T23:00:00Z,2.0
2019-01-04T23:05:00Z,1.0
2019-01-04T23:10:00Z,1.0
2019-01-04T23:15:00Z,1.0
2019-01-04T23:25:00Z,1.0
2019-01-04T23:40:00Z,2.0
2019-01-04T23:45:00Z,1.0
2019-01-04T23:50:00Z,2.0
2019-01-05T00:00:00Z,1.0
2019-01-05T00:05:00Z,1.0
2019-01-05T00:15:00Z,1.0
2019-01-05T00:20:00Z,1.0
2019-01-05T00:25:00Z,1.0
2019-01-05T00:35:00Z,2.0
2019-01-05T00:55:00Z,1.0
2019-01-05T01:05:00Z,1.0
2019-01-05T01:10:00Z,4.0
2019-01-05T01:15:00Z,1.0
2019-01-05T01:20:00Z,1.0
2019-01-05T01:25:00Z,2.0
2019-01-05T01:30:00Z,2.0
2019-01-05T01:40:00Z,4.0
2019-01-05T01:45:00Z,3.0
2019-01-05T01:50:00Z,1.0
2019-01-05T01:55:00Z,3.0
2019-01-05T02:00:00Z,2.0
2019-01-05T02:05:00Z,1.0
2019-01-05T02:10:00Z,3.0
2019-01-05T02:15:00Z,2.0
2019-01-05T02:20:00Z,4.0
2019-01-05T02:25:00Z,1.0
2019-01-05T02:30:00Z,1.0
2019-01-05T02:35:00Z,4.0
2019-01-05T02:45:00Z,2.0
2019-01-05T02:50:00Z,2.0
2019-01-05T02:55:00Z,2.0
2019-01-05T03:00:00Z,1.0
2019-01-05T03:10:00Z,1.0
2019-01-05T03:15:00Z,2.0
2019-01-05T03:20:00Z,2.0
2019-01-05T03:25:00Z,2.0
2019-01-05T03:30:00Z,5.0
2019-01-05T03:40:00Z,2.0
2019-01-05T03:45:00Z,1.0
2019-01-05T03:55:00Z,2.0
2019-01-05T04:05:00Z,3.0
2019-01-05T04:10:00Z,2.0
2019-01-05T04:15:00Z,2.0
2019-01-05T04:20:00Z,4.0
2019-01-05T04:25:00Z,3.0
2019-01-05T04:30:00Z,2.0
2019-01-05T04:35:00Z,2.0
2019-01-05T04:40:00Z,1.0
2019-01-05T04:50:00Z,2.0
2019-01-05T05:00:00Z,1.0
2019-01-05T05:05:00Z,3.0
2019-01-05T05:15:00Z,2.0
2019-01-05T05:30:00Z,1.0
2019-01-05T05:35:00Z,1.0
2019-01-05T05:40:00Z,1.0
2019-01-05T05:45:00Z,1.0
2019-01-05T06:00:00Z,1.0
2019-01-05T06:05:00Z,2.0
2019-01-05T06:10:00Z,2.0
2019-01-05T06:15:00Z,3.0
2019-01-05T06:20:00Z,3.0
2019-01-05T06:40:00Z,2.0
2019-01-05T06:45:00Z,2.0
2019-01-05T06:50:00Z,2.0
2019-01-05T06:55:00Z,5.0
2019-01-05T07:00:00Z,4.0
2019-01-05T07:05:00Z,2.0
2019-01-05T07:10:00Z,1.0
2019-01-05T07:15:00Z,1.0
2019-01-05T07:20:00Z,4.0
2019-01-05T07:25:00Z,3.0
2019-01-05T07:30:00Z,2.0
2019-01-05T07:35:00Z,6.0
2019-01-05T07:45:00Z,1.0
2019-01-05T07:50:00Z,2.0
2019-01-05T07:55:00Z,1.0
2019-01-05T08:05:00Z,2.0
2019-01-05T08:10:00Z,5.0
2019-01-05T08:20:00Z,4.0
2019-01-05T08:30:00Z,1.0
2019-01-05T08:35:00Z,2.0
2019-01-05T08:40:00Z,1.0
2019-01-05T08:50:00Z,1.0
2019-01-05T08:55:00Z,1.0
2019-01-05T09:00:00Z,2.0
2019-01-05T09:05:00Z,4.0
2019-01-05T09:15:00Z,2.0
2019-01-05T09:20:00Z,2.0
2019-01-05T09:30:00Z,1.0
2019-01-05T09:35:00Z,3.0
2019-01-05T09:40:00Z,3.0
2019-01-05T09:45:00Z,2.0
2019-01-05T09:50:00Z,1.0
2019-01-05T09:55:00Z,2.0
2019-01-05T10:00:00Z,6.0
2019-01-05T10:05:00Z,5.0
2019-01-05T10:10:00Z,1.0
2019-01-05T10:15:00Z,1.0
2019-01-05T10:20:00Z,2.0
2019-01-05T10:25:00Z,1.0
2019-01-05T10:30:00Z,2.0
2019-01-05T10:35:00Z,1.0
2019-01-05T10:40:00Z,1.0
2019-01-05T10:45:00Z,2.0
2019-01-05T10:50:00Z,2.0
2019-01-05T10:55:00Z,2.0
2019-01-05T11:00:00Z,1.0
2019-01-05T11:05:00Z,1.0
2019-01-05T11:10:00Z,2.0
2019-01-05T11:15:00Z,1.0
2019-01-05T11:20:00Z,1.0
2019-01-05T11:25:00Z,1.0
2019-01-05T11:30:00Z,2.0
2019-01-05T11:35:00Z,2.0
2019-01-05T11:40:00Z,1.0
2019-01-05T11:50:00Z,1.0
2019-01-05T11:55:00Z,1.0
2019-01-05T12:35:00Z,2.0
2019-01-05T13:20:00Z,1.0
2019-01-05T13:25:00Z,2.0
2019-01-05T14:15:00Z,3.0
2019-01-05T14:40:00Z,1.0
2019-01-05T14:55:00Z,1.0
2019-01-05T16:30:00Z,1.0
2019-01-05T20:50:00Z,1.0
2019-01-05T23:55:00Z,1.0
2019-01-06T00:00:00Z,1.0
2019-01-06T00:20:00Z,1.0
2019-01-06T01:05:00Z,1.0
2019-01-06T01:35:00Z,1.0
2019-01-06T02:15:00Z,1.0
2019-01-06T02:25:00Z,1.0
2019-01-06T02:40:00Z,1.0
2019-01-06T03:00:00Z,1.0
2019-01-06T03:25:00Z,1.0
2019-01-06T03:55:00Z,1.0
2019-01-06T04:30:00Z,1.0
2019-01-06T04:35:00Z,1.0
2019-01-06T05:15:00Z,1.0
2019-01-06T05:25:00Z,1.0
2019-01-06T06:20:00Z,1.0
2019-01-06T07:20:00Z,1.0
2019-01-06T07:25:00Z,1.0
2019-01-06T08:05:00Z,3.0
2019-01-06T08:10:00Z,1.0
2019-01-06T08:15:00Z,2.0
2019-01-06T09:55:00Z,2.0
2019-01-06T10:00:00Z,2.0
2019-01-06T10:55:00Z,3.0
2019-01-06T11:00:00Z,15.0
2019-01-06T11:05:00Z,27.0
2019-01-06T11:10:00Z,23.0
2019-01-06T11:15:00Z,2.0
2019-01-06T11:20:00Z,11.0
2019-01-06T11:25:00Z,3.0
2019-01-06T11:30:00Z,36.0
2019-01-06T11:35:00Z,13.0
2019-01-06T11:40:00Z,1.0
2019-01-06T11:55:00Z,4.0
2019-01-06T12:00:00Z,5.0
2019-01-06T12:10:00Z,36.0
2019-01-06T12:15:00Z,2.0
2019-01-06T12:30:00Z,1.0
2019-01-06T13:15:00Z,1.0
2019-01-06T13:45:00Z,3.0
2019-01-06T14:15:00Z,1.0
2019-01-06T14:30:00Z,9.0
2019-01-06T14:35:00Z,1.0
2019-01-06T14:55:00Z,2.0
2019-01-06T15:00:00Z,2.0
2019-01-06T15:20:00Z,1.0
2019-01-06T15:35:00Z,2.0
2019-01-06T15:45:00Z,15.0
2019-01-06T15:50:00Z,137.0
2019-01-06T15:55:00Z,134.0
2019-01-06T16:00:00Z,31.0
2019-01-06T16:05:00Z,1.0
2019-01-06T16:10:00Z,4.0
2019-01-06T16:15:00Z,32.0
2019-01-06T16:20:00Z,28.0
2019-01-06T16:25:00Z,11.0
2019-01-06T16:30:00Z,25.0
2019-01-06T16:35:00Z,37.0
2019-01-06T16:40:00Z,9.0
2019-01-06T16:45:00Z,54.0
2019-01-06T16:50:00Z,20.0
2019-01-06T17:00:00Z,1.0
2019-01-06T17:05:00Z,3.0
2019-01-06T17:10:00Z,7.0
2019-01-06T17:15:00Z,6.0
2019-01-06T17:20:00Z,19.0
2019-01-06T17:25:00Z,9.0
2019-01-06T17:30:00Z,6.0
2019-01-06T17:40:00Z,4.0
2019-01-06T17:45:00Z,3.0
2019-01-06T17:50:00Z,15.0
2019-01-06T17:55:00Z,51.0
2019-01-06T18:00:00Z,2.0
2019-01-06T18:05:00Z,2.0
2019-01-06T18:10:00Z,1.0
2019-01-06T18:15:00Z,8.0
2019-01-06T18:20:00Z,8.0
2019-01-06T18:25:00Z,14.0
2019-01-06T18:30:00Z,10.0
2019-01-06T18:35:00Z,15.0
2019-01-06T18:40:00Z,5.0
2019-01-06T18:45:00Z,4.0
2019-01-06T18:50:00Z,23.0
2019-01-06T18:55:00Z,5.0
2019-01-06T19:00:00Z,5.0
2019-01-06T19:05:00Z,11.0
2019-01-06T19:10:00Z,32.0
2019-01-06T19:15:00Z,17.0
2019-01-06T19:20:00Z,8.0
2019-01-06T19:25:00Z,11.0
2019-01-06T19:30:00Z,3.0
2019-01-06T19:35:00Z,6.0
2019-01-06T19:40:00Z,46.0
2019-01-06T19:45:00Z,32.0
2019-01-06T19:50:00Z,8.0
2019-01-06T19:55:00Z,18.0
2019-01-06T20:00:00Z,74.0
2019-01-06T20:05:00Z,12.0
2019-01-06T20:10:00Z,4.0
2019-01-06T20:15:00Z,13.0
2019-01-06T20:20:00Z,16.0
2019-01-06T20:25:00Z,12.0
2019-01-06T20:30:00Z,9.0
2019-01-06T20:35:00Z,19.0
2019-01-06T20:40:00Z,22.0
2019-01-06T20:45:00Z,82.0
2019-01-06T20:50:00Z,218.0
2019-01-06T20:55:00Z,164.0
2019-01-06T21:00:00Z,294.0
2019-01-06T21:05:00Z,164.0
2019-01-06T21:10:00Z,67.0
2019-01-06T21:15:00Z,34.0
2019-01-06T21:20:00Z,60.0
2019-01-06T21:25:00Z,79.0
2019-01-06T21:30:00Z,79.0
2019-01-06T21:35:00Z,68.0
2019-01-06T21:40:00Z,61.0
2019-01-06T21:45:00Z,90.0
2019-01-06T21:50:00Z,49.0
2019-01-06T21:55:00Z,71.0
2019-01-06T22:00:00Z,27.0
2019-01-06T22:05:00Z,22.0
2019-01-06T22:10:00Z,37.0
2019-01-06T22:15:00Z,58.0
2019-01-06T22:20:00Z,41.0
2019-01-06T22:25:00Z,104.0
2019-01-06T22:30:00Z,91.0
2019-01-06T22:35:00Z,48.0
2019-01-06T22:40:00Z,78.0
2019-01-06T22:45:00Z,41.0
2019-01-06T22:50:00Z,62.0
2019-01-06T22:55:00Z,31.0
2019-01-06T23:00:00Z,105.0
2019-01-06T23:05:00Z,99.0
2019-01-06T23:10:00Z,29.0
2019-01-06T23:15:00Z,75.0
2019-01-06T23:20:00Z,118.0
2019-01-06T23:25:00Z,83.0
2019-01-06T23:30:00Z,134.0
2019-01-06T23:35:00Z,74.0
2019-01-06T23:40:00Z,103.0
2019-01-06T23:45:00Z,145.0
2019-01-06T23:50:00Z,32.0
2019-01-06T23:55:00Z,50.0
2019-01-07T00:00:00Z,24.0
2019-01-07T00:05:00Z,160.0
2019-01-07T00:10:00Z,136.0
2019-01-07T00:15:00Z,50.0
2019-01-07T00:20:00Z,190.0
2019-01-07T00:25:00Z,238.0
2019-01-07T00:30:00Z,120.0
2019-01-07T00:35:00Z,151.0
2019-01-07T00:40:00Z,100.0
2019-01-07T00:45:00Z,299.0
2019-01-07T00:50:00Z,262.0
2019-01-07T00:55:00Z,111.0
2019-01-07T01:00:00Z,113.0
2019-01-07T01:05:00Z,241.0
2019-01-07T01:10:00Z,150.0
2019-01-07T01:15:00Z,98.0
2019-01-07T01:20:00Z,72.0
2019-01-07T01:25:00Z,93.0
2019-01-07T01:30:00Z,239.0
2019-01-07T01:35:00Z,190.0
2019-01-07T01:40:00Z,196.0
2019-01-07T01:45:00Z,102.0
2019-01-07T01:50:00Z,57.0
2019-01-07T01:55:00Z,123.0
2019-01-07T02:00:00Z,195.0
2019-01-07T02:05:00Z,184.0
2019-01-07T02:10:00Z,122.0
2019-01-07T02:15:00Z,120.0
2019-01-07T02:20:00Z,150.0
2019-01-07T02:25:00Z,275.0
2019-01-07T02:30:00Z,211.0
2019-01-07T02:35:00Z,156.0
2019-01-07T02:40:00Z,169.0
2019-01-07T02:45:00Z,329.0
2019-01-07T02:50:00Z,397.0
2019-01-07T02:55:00Z,238.0
2019-01-07T03:00:00Z,438.0
2019-01-07T03:05:00Z,160.0
2019-01-07T03:10:00Z,167.0
2019-01-07T03:15:00Z,121.0
2019-01-07T03:20:00Z,190.0
2019-01-07T03:25:00Z,178.0
2019-01-07T03:30:00Z,46.0
2019-01-07T03:35:00Z,77.0
2019-01-07T03:40:00Z,230.0
2019-01-07T03:45:00Z,114.0
2019-01-07T03:50:00Z,112.0
2019-01-07T03:55:00Z,164.0
2019-01-07T04:00:00Z,220.0
2019-01-07T04:05:00Z,120.0
2019-01-07T04:10:00Z,103.0
2019-01-07T04:15:00Z,117.0
2019-01-07T04:20:00Z,144.0
2019-01-07T04:25:00Z,103.0
2019-01-07T04:30:00Z,36.0
2019-01-07T04:35:00Z,105.0
2019-01-07T04:40:00Z,208.0
2019-01-07T04:45:00Z,106.0
2019-01-07T04:50:00Z,125.0
2019-01-07T04:55:00Z,226.0
2019-01-07T05:00:00Z,60.0
2019-01-07T05:05:00Z,48.0
2019-01-07T05:10:00Z,69.0
2019-01-07T05:15:00Z,241.0
2019-01-07T05:20:00Z,310.0
2019-01-07T05:25:00Z,195.0
2019-01-07T05:30:00Z,49.0
2019-01-07T05:35:00Z,252.0
2019-01-07T05:40:00Z,388.0
2019-01-07T05:45:00Z,181.0
2019-01-07T05:50:00Z,207.0
2019-01-07T05:55:00Z,229.0
2019-01-07T06:00:00Z,259.0
2019-01-07T06:05:00Z,354.0
2019-01-07T06:10:00Z,200.0
2019-01-07T06:15:00Z,64.0
2019-01-07T06:20:00Z,102.0
2019-01-07T06:25:00Z,158.0
2019-01-07T06:30:00Z,214.0
2019-01-07T06:35:00Z,150.0
2019-01-07T06:40:00Z,135.0
2019-01-07T06:45:00Z,197.0
2019-01-07T06:50:00Z,348.0
2019-01-07T06:55:00Z,161.0
2019-01-07T07:00:00Z,80.0
2019-01-07T07:05:00Z,121.0
2019-01-07T07:10:00Z,125.0
2019-01-07T07:15:00Z,53.0
2019-01-07T07:20:00Z,141.0
2019-01-07T07:25:00Z,261.0
2019-01-07T07:30:00Z,161.0
2019-01-07T07:35:00Z,80.0
2019-01-07T07:40:00Z,87.0
2019-01-07T07:45:00Z,280.0
2019-01-07T07:50:00Z,291.0
2019-01-07T07:55:00Z,178.0
2019-01-07T08:00:00Z,171.0
2019-01-07T08:05:00Z,389.0
2019-01-07T08:10:00Z,286.0
2019-01-07T08:15:00Z,64.0
2019-01-07T08:20:00Z,111.0
2019-01-07T08:25:00Z,309.0
2019-01-07T08:30:00Z,227.0
2019-01-07T08:35:00Z,351.0
2019-01-07T08:40:00Z,172.0
2019-01-07T08:45:00Z,88.0
2019-01-07T08:50:00Z,95.0
2019-01-07T08:55:00Z,156.0
2019-01-07T09:00:00Z,417.0
2019-01-07T09:05:00Z,255.0
2019-01-07T09:10:00Z,395.0
2019-01-07T09:15:00Z,160.0
2019-01-07T09:20:00Z,174.0
2019-01-07T09:25:00Z,410.0
2019-01-07T09:30:00Z,215.0
2019-01-07T09:35:00Z,231.0
2019-01-07T09:40:00Z,110.0
2019-01-07T09:45:00Z,211.0
2019-01-07T09:50:00Z,162.0
2019-01-07T09:55:00Z,221.0
2019-01-07T10:00:00Z,168.0
2019-01-07T10:05:00Z,288.0
2019-01-07T10:10:00Z,394.0
2019-01-07T10:15:00Z,487.0
2019-01-07T10:20:00Z,260.0
2019-01-07T10:25:00Z,118.0
2019-01-07T10:30:00Z,95.0
2019-01-07T10:35:00Z,241.0
2019-01-07T10:40:00Z,268.0
2019-01-07T10:45:00Z,206.0
2019-01-07T10:50:00Z,375.0
2019-01-07T10:55:00Z,198.0
2019-01-07T11:00:00Z,208.0
2019-01-07T11:05:00Z,194.0
2019-01-07T11:10:00Z,222.0
2019-01-07T11:15:00Z,161.0
2019-01-07T11:20:00Z,240.0
2019-01-07T11:25:00Z,200.0
2019-01-07T11:30:00Z,221.0
2019-01-07T11:35:00Z,188.0
2019-01-07T11:40:00Z,145.0
2019-01-07T11:45:00Z,164.0
2019-01-07T11:50:00Z,176.0
2019-01-07T11:55:00Z,260.0
2019-01-07T12:00:00Z,547.0
2019-01-07T12:05:00Z,373.0
2019-01-07T12:10:00Z,244.0
2019-01-07T12:15:00Z,143.0
2019-01-07T12:20:00Z,66.0
2019-01-07T12:25:00Z,244.0
2019-01-07T12:30:00Z,246.0
2019-01-07T12:35:00Z,151.0
2019-01-07T12:40:00Z,77.0
2019-01-07T12:45:00Z,205.0
2019-01-07T12:50:00Z,416.0
2019-01-07T12:55:00Z,242.0
2019-01-07T13:00:00Z,78.0
2019-01-07T13:05:00Z,65.0
2019-01-07T13:10:00Z,50.0
2019-01-07T13:15:00Z,54.0
2019-01-07T13:20:00Z,40.0
2019-01-07T13:25:00Z,112.0
2019-01-07T13:30:00Z,65.0
2019-01-07T13:35:00Z,22.0
2019-01-07T13:40:00Z,53.0
2019-01-07T13:45:00Z,94.0
2019-01-07T13:50:00Z,62.0
2019-01-07T13:55:00Z,75.0
2019-01-07T14:00:00Z,105.0
2019-01-07T14:05:00Z,149.0
2019-01-07T14:10:00Z,49.0
2019-01-07T14:15:00Z,57.0
2019-01-07T14:20:00Z,74.0
2019-01-07T14:25:00Z,35.0
2019-01-07T14:30:00Z,67.0
2019-01-07T14:35:00Z,67.0
2019-01-07T14:40:00Z,93.0
2019-01-07T14:45:00Z,33.0
2019-01-07T14:50:00Z,95.0
2019-01-07T14:55:00Z,146.0
2019-01-07T15:00:00Z,29.0
2019-01-07T15:05:00Z,47.0
2019-01-07T15:10:00Z,32.0
2019-01-07T15:15:00Z,45.0
2019-01-07T15:20:00Z,28.0
2019-01-07T15:25:00Z,22.0
2019-01-07T15:30:00Z,15.0
2019-01-07T15:35:00Z,85.0
2019-01-07T15:40:00Z,61.0
2019-01-07T15:45:00Z,97.0
2019-01-07T15:50:00Z,113.0
2019-01-07T15:55:00Z,45.0
2019-01-07T16:00:00Z,66.0
2019-01-07T16:05:00Z,51.0
2019-01-07T16:10:00Z,44.0
2019-01-07T16:15:00Z,48.0
2019-01-07T16:20:00Z,50.0
2019-01-07T16:25:00Z,47.0
2019-01-07T16:30:00Z,47.0
2019-01-07T16:35:00Z,34.0
2019-01-07T16:40:00Z,49.0
2019-01-07T16:45:00Z,77.0
2019-01-07T16:50:00Z,24.0
2019-01-07T16:55:00Z,33.0
2019-01-07T17:00:00Z,74.0
2019-01-07T17:05:00Z,68.0
2019-01-07T17:10:00Z,21.0
2019-01-07T17:15:00Z,16.0
2019-01-07T17:20:00Z,6.0
2019-01-07T17:25:00Z,52.0
2019-01-07T17:30:00Z,51.0
2019-01-07T17:35:00Z,26.0
2019-01-07T17:40:00Z,12.0
2019-01-07T17:45:00Z,38.0
2019-01-07T17:50:00Z,21.0
2019-01-07T17:55:00Z,20.0
2019-01-07T18:00:00Z,60.0
2019-01-07T18:05:00Z,18.0
2019-01-07T18:10:00Z,12.0
2019-01-07T18:15:00Z,30.0
2019-01-07T18:20:00Z,35.0
2019-01-07T18:25:00Z,29.0
2019-01-07T18:30:00Z,4.0
2019-01-07T18:35:00Z,65.0
2019-01-07T18:40:00Z,76.0
2019-01-07T18:45:00Z,30.0
2019-01-07T18:50:00Z,35.0
2019-01-07T18:55:00Z,16.0
2019-01-07T19:00:00Z,48.0
2019-01-07T19:05:00Z,27.0
2019-01-07T19:10:00Z,11.0
2019-01-07T19:15:00Z,36.0
2019-01-07T19:20:00Z,35.0
2019-01-07T19:25:00Z,20.0
2019-01-07T19:30:00Z,9.0
2019-01-07T19:35:00Z,9.0
2019-01-07T19:40:00Z,17.0
2019-01-07T19:45:00Z,25.0
2019-01-07T19:50:00Z,11.0
2019-01-07T19:55:00Z,2.0
2019-01-07T20:00:00Z,24.0
2019-01-07T20:05:00Z,33.0
2019-01-07T20:10:00Z,8.0
2019-01-07T20:15:00Z,6.0
2019-01-07T20:20:00Z,3.0
2019-01-07T20:25:00Z,6.0
2019-01-07T20:30:00Z,1.0
2019-01-07T20:35:00Z,16.0
2019-01-07T20:40:00Z,8.0
2019-01-07T20:45:00Z,1.0
2019-01-07T20:50:00Z,7.0
2019-01-07T20:55:00Z,4.0
2019-01-07T21:00:00Z,74.0
2019-01-07T21:05:00Z,96.0
2019-01-07T21:10:00Z,29.0
2019-01-07T21:15:00Z,21.0
2019-01-07T21:20:00Z,19.0
2019-01-07T21:25:00Z,17.0
2019-01-07T21:30:00Z,6.0
2019-01-07T21:35:00Z,7.0
2019-01-07T21:40:00Z,1.0
2019-01-07T21:45:00Z,9.0
2019-01-07T21:50:00Z,9.0
2019-01-07T21:55:00Z,7.0
2019-01-07T22:00:00Z,42.0
2019-01-07T22:05:00Z,149.0
2019-01-07T22:10:00Z,160.0
2019-01-07T22:15:00Z,70.0
2019-01-07T22:20:00Z,25.0
2019-01-07T22:25:00Z,12.0
2019-01-07T22:30:00Z,29.0
2019-01-07T22:35:00Z,32.0
2019-01-07T22:40:00Z,39.0
2019-01-07T22:45:00Z,23.0
2019-01-07T22:50:00Z,5.0
2019-01-07T22:55:00Z,1.0
2019-01-07T23:00:00Z,4.0
2019-01-07T23:05:00Z,7.0
2019-01-07T23:10:00Z,9.0
2019-01-07T23:15:00Z,50.0
2019-01-07T23:20:00Z,17.0
2019-01-07T23:25:00Z,92.0
2019-01-07T23:30:00Z,17.0
2019-01-07T23:35:00Z,9.0
2019-01-07T23:40:00Z,5.0
2019-01-07T23:45:00Z,3.0
2019-01-07T23:50:00Z,33.0
2019-01-07T23:55:00Z,28.0
2019-01-08T00:00:00Z,7.0
2019-01-08T00:05:00Z,20.0
2019-01-08T00:10:00Z,12.0
2019-01-08T00:15:00Z,6.0
2019-01-08T00:20:00Z,9.0
2019-01-08T00:25:00Z,4.0
2019-01-08T00:30:00Z,1.0
2019-01-08T00:35:00Z,4.0
2019-01-08T00:40:00Z,25.0
2019-01-08T00:45:00Z,14.0
2019-01-08T00:50:00Z,7.0
2019-01-08T00:55:00Z,12.0
2019-01-08T01:00:00Z,15.0
2019-01-08T01:05:00Z,64.0
2019-01-08T01:10:00Z,16.0
2019-01-08T01:15:00Z,3.0
2019-01-08T01:20:00Z,1.0
2019-01-08T01:30:00Z,7.0
2019-01-08T01:35:00Z,4.0
2019-01-08T01:40:00Z,1.0
2019-01-08T01:45:00Z,2.0
2019-01-08T01:50:00Z,7.0
2019-01-08T01:55:00Z,1.0
2019-01-08T02:00:00Z,2.0
2019-01-08T02:05:00Z,7.0
2019-01-08T02:10:00Z,4.0
2019-01-08T02:15:00Z,2.0
2019-01-08T02:30:00Z,2.0
2019-01-08T02:35:00Z,31.0
2019-01-08T02:40:00Z,49.0
2019-01-08T02:45:00Z,65.0
2019-01-08T02:50:00Z,76.0
2019-01-08T02:55:00Z,117.0
2019-01-08T03:00:00Z,82.0
2019-01-08T03:05:00Z,58.0
2019-01-08T03:10:00Z,33.0
2019-01-08T03:15:00Z,18.0
2019-01-08T03:20:00Z,33.0
2019-01-08T03:25:00Z,8.0
2019-01-08T03:30:00Z,35.0
2019-01-08T03:35:00Z,41.0
2019-01-08T03:40:00Z,40.0
2019-01-08T03:45:00Z,35.0
2019-01-08T03:50:00Z,20.0
2019-01-08T03:55:00Z,4.0
2019-01-08T04:00:00Z,12.0
2019-01-08T04:05:00Z,28.0
2019-01-08T04:10:00Z,15.0
2019-01-08T04:15:00Z,28.0
2019-01-08T04:20:00Z,4.0
2019-01-08T04:25:00Z,10.0
2019-01-08T04:30:00Z,7.0
2019-01-08T04:35:00Z,60.0
2019-01-08T04:40:00Z,69.0
2019-01-08T04:45:00Z,68.0
2019-01-08T04:50:00Z,28.0
2019-01-08T04:55:00Z,21.0
2019-01-08T05:00:00Z,48.0
2019-01-08T05:05:00Z,100.0
2019-01-08T05:10:00Z,103.0
2019-01-08T05:15:00Z,24.0
2019-01-08T05:20:00Z,8.0
2019-01-08T05:25:00Z,27.0
2019-01-08T05:30:00Z,24.0
2019-01-08T05:35:00Z,23.0
2019-01-08T05:40:00Z,40.0
2019-01-08T05:45:00Z,70.0
2019-01-08T05:50:00Z,101.0
2019-01-08T05:55:00Z,56.0
2019-01-08T06:00:00Z,4.0
2019-01-08T06:05:00Z,29.0
2019-01-08T06:10:00Z,155.0
2019-01-08T06:15:00Z,71.0
2019-01-08T06:20:00Z,7.0
2019-01-08T06:25:00Z,25.0
2019-01-08T06:30:00Z,40.0
2019-01-08T06:35:00Z,59.0
2019-01-08T06:40:00Z,49.0
2019-01-08T06:45:00Z,89.0
2019-01-08T06:50:00Z,58.0
2019-01-08T06:55:00Z,16.0
2019-01-08T07:00:00Z,25.0
2019-01-08T07:05:00Z,26.0
2019-01-08T07:10:00Z,37.0
2019-01-08T07:15:00Z,14.0
2019-01-08T07:20:00Z,26.0
2019-01-08T07:25:00Z,15.0
2019-01-08T07:30:00Z,50.0
2019-01-08T07:35:00Z,54.0
2019-01-08T07:40:00Z,87.0
2019-01-08T07:45:00Z,68.0
2019-01-08T07:50:00Z,115.0
2019-01-08T07:55:00Z,128.0
2019-01-08T08:00:00Z,174.0
2019-01-08T08:05:00Z,95.0
2019-01-08T08:10:00Z,45.0
2019-01-08T08:15:00Z,44.0
2019-01-08T08:20:00Z,16.0
2019-01-08T08:25:00Z,22.0
2019-01-08T08:30:00Z,20.0
2019-01-08T08:35:00Z,35.0
2019-01-08T08:40:00Z,5.0
2019-01-08T08:45:00Z,15.0
2019-01-08T08:50:00Z,23.0
2019-01-08T08:55:00Z,16.0
2019-01-08T09:00:00Z,15.0
2019-01-08T09:05:00Z,64.0
2019-01-08T09:10:00Z,42.0
2019-01-08T09:15:00Z,63.0
2019-01-08T09:20:00Z,123.0
2019-01-08T09:25:00Z,99.0
2019-01-08T09:30:00Z,104.0
2019-01-08T09:35:00Z,100.0
2019-01-08T09:40:00Z,311.0
2019-01-08T09:45:00Z,300.0
2019-01-08T09:50:00Z,144.0
2019-01-08T09:55:00Z,171.0
2019-01-08T10:00:00Z,169.0
2019-01-08T10:05:00Z,150.0
2019-01-08T10:10:00Z,123.0
2019-01-08T10:15:00Z,206.0
2019-01-08T10:20:00Z,178.0
2019-01-08T10:25:00Z,208.0
2019-01-08T10:30:00Z,189.0
2019-01-08T10:35:00Z,74.0
2019-01-08T10:40:00Z,109.0
2019-01-08T10:45:00Z,56.0
2019-01-08T10:50:00Z,107.0
2019-01-08T10:55:00Z,107.0
2019-01-08T11:00:00Z,111.0
2019-01-08T11:05:00Z,167.0
2019-01-08T11:10:00Z,137.0
2019-01-08T11:15:00Z,105.0
2019-01-08T11:20:00Z,71.0
2019-01-08T11:25:00Z,41.0
2019-01-08T11:30:00Z,16.0
2019-01-08T11:35:00Z,52.0
2019-01-08T11:40:00Z,63.0
2019-01-08T11:45:00Z,32.0
2019-01-08T11:50:00Z,31.0
2019-01-08T11:55:00Z,90.0
2019-01-08T12:00:00Z,231.0
2019-01-08T12:05:00Z,164.0
2019-01-08T12:10:00Z,56.0
2019-01-08T12:15:00Z,96.0
2019-01-08T12:20:00Z,66.0
2019-01-08T12:25:00Z,68.0
2019-01-08T12:30:00Z,62.0
2019-01-08T12:35:00Z,55.0
2019-01-08T12:40:00Z,108.0
2019-01-08T12:45:00Z,279.0
2019-01-08T12:50:00Z,110.0
2019-01-08T12:55:00Z,119.0
2019-01-08T13:00:00Z,151.0
2019-01-08T13:05:00Z,116.0
2019-01-08T13:10:00Z,119.0
2019-01-08T13:15:00Z,35.0
2019-01-08T13:20:00Z,48.0
2019-01-08T13:25:00Z,29.0
2019-01-08T13:30:00Z,122.0
2019-01-08T13:35:00Z,83.0
2019-01-08T13:40:00Z,121.0
2019-01-08T13:45:00Z,90.0
2019-01-08T13:50:00Z,157.0
2019-01-08T13:55:00Z,125.0
2019-01-08T14:00:00Z,188.0
2019-01-08T14:05:00Z,145.0
2019-01-08T14:10:00Z,143.0
2019-01-08T14:15:00Z,155.0
2019-01-08T14:20:00Z,147.0
2019-01-08T14:25:00Z,189.0
2019-01-08T14:30:00Z,110.0
2019-01-08T14:35:00Z,142.0
2019-01-08T14:40:00Z,222.0
2019-01-08T14:45:00Z,196.0
2019-01-08T14:50:00Z,185.0
2019-01-08T14:55:00Z,138.0
2019-01-08T15:00:00Z,160.0
2019-01-08T15:05:00Z,126.0
2019-01-08T15:10:00Z,70.0
2019-01-08T15:15:00Z,103.0
2019-01-08T15:20:00Z,149.0
2019-01-08T15:25:00Z,267.0
2019-01-08T15:30:00Z,132.0
2019-01-08T15:35:00Z,79.0
2019-01-08T15:40:00Z,44.0
2019-01-08T15:45:00Z,96.0
2019-01-08T15:50:00Z,77.0
2019-01-08T15:55:00Z,51.0
2019-01-08T16:00:00Z,107.0
2019-01-08T16:05:00Z,121.0
2019-01-08T16:10:00Z,83.0
2019-01-08T16:15:00Z,64.0
2019-01-08T16:20:00Z,52.0
2019-01-08T16:25:00Z,99.0
2019-01-08T16:30:00Z,125.0
2019-01-08T16:35:00Z,140.0
2019-01-08T16:40:00Z,108.0
2019-01-08T16:45:00Z,63.0
2019-01-08T16:50:00Z,33.0
2019-01-08T16:55:00Z,59.0
2019-01-08T17:00:00Z,290.0
2019-01-08T17:05:00Z,231.0
2019-01-08T17:10:00Z,75.0
2019-01-08T17:15:00Z,45.0
2019-01-08T17:20:00Z,103.0
2019-01-08T17:25:00Z,85.0
2019-01-08T17:30:00Z,171.0
2019-01-08T17:35:00Z,200.0
2019-01-08T17:40:00Z,84.0
2019-01-08T17:45:00Z,77.0
2019-01-08T17:50:00Z,85.0
2019-01-08T17:55:00Z,143.0
2019-01-08T18:00:00Z,228.0
2019-01-08T18:05:00Z,114.0
2019-01-08T18:10:00Z,131.0
2019-01-08T18:15:00Z,107.0
2019-01-08T18:20:00Z,94.0
2019-01-08T18:25:00Z,119.0
2019-01-08T18:30:00Z,83.0
2019-01-08T18:35:00Z,214.0
2019-01-08T18:40:00Z,186.0
2019-01-08T18:45:00Z,201.0
2019-01-08T18:50:00Z,118.0
2019-01-08T18:55:00Z,89.0
2019-01-08T19:00:00Z,182.0
2019-01-08T19:05:00Z,217.0
2019-01-08T19:10:00Z,201.0
2019-01-08T19:15:00Z,89.0
2019-01-08T19:20:00Z,62.0
2019-01-08T19:25:00Z,227.0
2019-01-08T19:30:00Z,199.0
2019-01-08T19:35:00Z,129.0
2019-01-08T19:40:00Z,90.0
2019-01-08T19:45:00Z,62.0
2019-01-08T19:50:00Z,163.0
2019-01-08T19:55:00Z,163.0
2019-01-08T20:00:00Z,126.0
2019-01-08T20:05:00Z,107.0
2019-01-08T20:10:00Z,98.0
2019-01-08T20:15:00Z,211.0
2019-01-08T20:20:00Z,125.0
2019-01-08T20:25:00Z,68.0
2019-01-08T20:30:00Z,39.0
2019-01-08T20:35:00Z,146.0
2019-01-08T20:40:00Z,168.0
2019-01-08T20:45:00Z,142.0
2019-01-08T20:50:00Z,164.0
2019-01-08T20:55:00Z,345.0
2019-01-08T21:00:00Z,187.0
2019-01-08T21:05:00Z,97.0
2019-01-08T21:10:00Z,72.0
2019-01-08T21:15:00Z,205.0
2019-01-08T21:20:00Z,254.0
2019-01-08T21:25:00Z,120.0
2019-01-08T21:30:00Z,56.0
2019-01-08T21:35:00Z,108.0
2019-01-08T21:40:00Z,176.0
2019-01-08T21:45:00Z,124.0
2019-01-08T21:50:00Z,70.0
2019-01-08T21:55:00Z,124.0
2019-01-08T22:00:00Z,134.0
2019-01-08T22:05:00Z,155.0
2019-01-08T22:10:00Z,170.0
2019-01-08T22:15:00Z,113.0
2019-01-08T22:20:00Z,70.0
2019-01-08T22:25:00Z,174.0
2019-01-08T22:30:00Z,227.0
2019-01-08T22:35:00Z,140.0
2019-01-08T22:40:00Z,136.0
2019-01-08T22:45:00Z,77.0
2019-01-08T22:50:00Z,90.0
2019-01-08T22:55:00Z,140.0
2019-01-08T23:00:00Z,272.0
2019-01-08T23:05:00Z,92.0
2019-01-08T23:10:00Z,72.0
2019-01-08T23:15:00Z,126.0
2019-01-08T23:20:00Z,235.0
2019-01-08T23:25:00Z,66.0
2019-01-08T23:30:00Z,81.0
2019-01-08T23:35:00Z,118.0
2019-01-08T23:40:00Z,106.0
2019-01-08T23:45:00Z,93.0
2019-01-08T23:50:00Z,115.0
2019-01-08T23:55:00Z,373.0
2019-01-09T00:00:00Z,351.0
2019-01-09T00:05:00Z,119.0
2019-01-09T00:10:00Z,67.0
2019-01-09T00:15:00Z,169.0
2019-01-09T00:20:00Z,300.0
2019-01-09T00:25:00Z,404.0
2019-01-09T00:30:00Z,341.0
2019-01-09T00:35:00Z,98.0
2019-01-09T00:40:00Z,85.0
2019-01-09T00:45:00Z,217.0
2019-01-09T00:50:00Z,120.0
2019-01-09T00:55:00Z,70.0
2019-01-09T01:00:00Z,227.0
2019-01-09T01:05:00Z,209.0
2019-01-09T01:10:00Z,126.0
2019-01-09T01:15:00Z,235.0
2019-01-09T01:20:00Z,206.0
2019-01-09T01:25:00Z,112.0
2019-01-09T01:30:00Z,174.0
2019-01-09T01:35:00Z,99.0
2019-01-09T01:40:00Z,104.0
2019-01-09T01:45:00Z,105.0
2019-01-09T01:50:00Z,100.0
2019-01-09T01:55:00Z,282.0
2019-01-09T02:00:00Z,188.0
2019-01-09T02:05:00Z,96.0
2019-01-09T02:10:00Z,192.0
2019-01-09T02:15:00Z,96.0
2019-01-09T02:20:00Z,122.0
2019-01-09T02:25:00Z,90.0
2019-01-09T02:30:00Z,131.0
2019-01-09T02:35:00Z,192.0
2019-01-09T02:40:00Z,195.0
2019-01-09T02:45:00Z,160.0
2019-01-09T02:50:00Z,223.0
2019-01-09T02:55:00Z,148.0
2019-01-09T03:00:00Z,93.0
2019-01-09T03:05:00Z,216.0
2019-01-09T03:10:00Z,169.0
2019-01-09T03:15:00Z,129.0
2019-01-09T03:20:00Z,127.0
2019-01-09T03:25:00Z,211.0
2019-01-09T03:30:00Z,159.0
2019-01-09T03:35:00Z,150.0
2019-01-09T03:40:00Z,241.0
2019-01-09T03:45:00Z,54.0
2019-01-09T03:50:00Z,178.0
2019-01-09T03:55:00Z,183.0
2019-01-09T04:00:00Z,109.0
2019-01-09T04:05:00Z,92.0
2019-01-09T04:10:00Z,255.0
2019-01-09T04:15:00Z,202.0
2019-01-09T04:20:00Z,153.0
2019-01-09T04:25:00Z,141.0
2019-01-09T04:30:00Z,94.0
2019-01-09T04:35:00Z,70.0
2019-01-09T04:40:00Z,74.0
2019-01-09T04:45:00Z,139.0
2019-01-09T04:50:00Z,360.0
2019-01-09T04:55:00Z,162.0
2019-01-09T05:00:00Z,120.0
2019-01-09T05:05:00Z,60.0
2019-01-09T05:10:00Z,104.0
2019-01-09T05:15:00Z,174.0
2019-01-09T05:20:00Z,115.0
2019-01-09T05:25:00Z,85.0
2019-01-09T05:30:00Z,303.0
2019-01-09T05:35:00Z,134.0
2019-01-09T05:40:00Z,181.0
2019-01-09T05:45:00Z,254.0
2019-01-09T05:50:00Z,128.0
2019-01-09T05:55:00Z,56.0
2019-01-09T06:00:00Z,73.0
2019-01-09T06:05:00Z,79.0
2019-01-09T06:10:00Z,210.0
2019-01-09T06:15:00Z,104.0
2019-01-09T06:20:00Z,47.0
2019-01-09T06:25:00Z,51.0
2019-01-09T06:30:00Z,81.0
2019-01-09T06:35:00Z,158.0
2019-01-09T06:40:00Z,86.0
2019-01-09T06:45:00Z,182.0
2019-01-09T06:50:00Z,454.0
2019-01-09T06:55:00Z,159.0
2019-01-09T07:00:00Z,162.0
2019-01-09T07:05:00Z,60.0
2019-01-09T07:10:00Z,90.0
2019-01-09T07:15:00Z,157.0
2019-01-09T07:20:00Z,70.0
2019-01-09T07:25:00Z,68.0
2019-01-09T07:30:00Z,54.0
2019-01-09T07:35:00Z,95.0
2019-01-09T07:40:00Z,63.0
2019-01-09T07:45:00Z,50.0
2019-01-09T07:50:00Z,91.0
2019-01-09T07:55:00Z,39.0
2019-01-09T08:00:00Z,59.0
2019-01-09T08:05:00Z,102.0
2019-01-09T08:10:00Z,24.0
2019-01-09T08:15:00Z,72.0
2019-01-09T08:20:00Z,103.0
2019-01-09T08:25:00Z,45.0
2019-01-09T08:30:00Z,80.0
2019-01-09T08:35:00Z,118.0
2019-01-09T08:40:00Z,22.0
2019-01-09T08:45:00Z,51.0
2019-01-09T08:50:00Z,72.0
2019-01-09T08:55:00Z,91.0
2019-01-09T09:00:00Z,61.0
2019-01-09T09:05:00Z,12.0
2019-01-09T09:10:00Z,53.0
2019-01-09T09:15:00Z,33.0
2019-01-09T09:20:00Z,2.0
2019-01-09T09:25:00Z,10.0
2019-01-09T09:30:00Z,40.0
2019-01-09T09:35:00Z,65.0
2019-01-09T09:40:00Z,4.0
2019-01-09T09:45:00Z,15.0
2019-01-09T09:50:00Z,42.0
2019-01-09T09:55:00Z,18.0
2019-01-09T10:00:00Z,4.0
2019-01-09T10:05:00Z,16.0
2019-01-09T10:10:00Z,19.0
2019-01-09T10:15:00Z,23.0
2019-01-09T10:20:00Z,17.0
2019-01-09T10:25:00Z,3.0
2019-01-09T10:30:00Z,25.0
2019-01-09T10:35:00Z,174.0
2019-01-09T10:40:00Z,172.0
2019-01-09T10:45:00Z,192.0
2019-01-09T10:50:00Z,120.0
2019-01-09T10:55:00Z,33.0
2019-01-09T11:00:00Z,2.0
2019-01-09T11:05:00Z,4.0
2019-01-09T11:10:00Z,36.0
2019-01-09T11:15:00Z,5.0
2019-01-09T11:20:00Z,1.0
2019-01-09T11:25:00Z,1.0
2019-01-09T11:30:00Z,1.0
2019-01-09T11:40:00Z,1.0
2019-01-09T11:45:00Z,16.0
2019-01-09T11:50:00Z,3.0
2019-01-09T11:55:00Z,3.0
2019-01-09T12:05:00Z,4.0
2019-01-09T12:10:00Z,3.0
2019-01-09T12:15:00Z,2.0
2019-01-09T12:55:00Z,1.0
2019-01-09T13:25:00Z,1.0
2019-01-09T14:00:00Z,1.0
2019-01-09T14:10:00Z,1.0
2019-01-09T14:25:00Z,1.0
2019-01-09T14:30:00Z,1.0
2019-01-09T14:35:00Z,2.0
2019-01-09T14:45:00Z,1.0
2019-01-09T14:55:00Z,1.0
2019-01-09T15:00:00Z,8.0
2019-01-09T15:05:00Z,7.0
2019-01-09T15:10:00Z,14.0
2019-01-09T15:15:00Z,7.0
2019-01-09T15:25:00Z,1.0
2019-01-09T15:45:00Z,1.0
2019-01-09T15:50:00Z,1.0
2019-01-09T16:00:00Z,3.0
2019-01-09T16:10:00Z,2.0
2019-01-09T16:25:00Z,1.0
2019-01-09T16:35:00Z,1.0
2019-01-09T16:45:00Z,1.0
2019-01-09T16:55:00Z,1.0
2019-01-09T17:00:00Z,1.0
2019-01-09T18:00:00Z,1.0
2019-01-09T18:15:00Z,1.0
2019-01-09T18:45:00Z,1.0
2019-01-09T19:00:00Z,2.0
2019-01-09T19:05:00Z,1.0
2019-01-09T19:10:00Z,1.0
2019-01-09T19:20:00Z,3.0
2019-01-09T20:15:00Z,1.0
2019-01-09T20:25:00Z,2.0
2019-01-09T20:30:00Z,1.0
2019-01-09T20:40:00Z,2.0
2019-01-09T21:25:00Z,1.0
2019-01-09T21:40:00Z,3.0
2019-01-09T22:20:00Z,1.0
2019-01-09T22:25:00Z,2.0
2019-01-09T22:30:00Z,1.0
2019-01-09T22:35:00Z,1.0
2019-01-09T22:40:00Z,1.0
2019-01-09T22:55:00Z,1.0
2019-01-09T23:00:00Z,1.0
2019-01-10T00:35:00Z,1.0
2019-01-10T00:40:00Z,1.0
2019-01-10T00:45:00Z,1.0
2019-01-10T01:10:00Z,1.0
2019-01-10T01:15:00Z,1.0
2019-01-10T01:25:00Z,2.0
2019-01-10T01:30:00Z,1.0
2019-01-10T01:50:00Z,2.0
2019-01-10T01:55:00Z,1.0
2019-01-10T03:10:00Z,1.0
2019-01-10T04:05:00Z,1.0
2019-01-10T04:20:00Z,1.0
2019-01-10T04:45:00Z,1.0
2019-01-10T05:20:00Z,1.0
2019-01-10T05:25:00Z,1.0
2019-01-10T05:55:00Z,1.0
2019-01-10T06:10:00Z,1.0
2019-01-10T06:25:00Z,1.0
2019-01-10T06:35:00Z,1.0
2019-01-10T06:50:00Z,1.0
2019-01-10T07:15:00Z,1.0
2019-01-10T07:35:00Z,1.0
2019-01-10T08:50:00Z,2.0
2019-01-10T09:10:00Z,4.0
2019-01-10T09:15:00Z,11.0
2019-01-10T09:30:00Z,45.0
2019-01-10T09:35:00Z,71.0
2019-01-10T09:40:00Z,16.0
2019-01-10T09:45:00Z,11.0
2019-01-10T09:55:00Z,1.0
2019-01-10T10:00:00Z,1.0
2019-01-10T10:05:00Z,4.0
2019-01-10T10:10:00Z,43.0
2019-01-10T10:15:00Z,119.0
2019-01-10T10:20:00Z,88.0
2019-01-10T10:25:00Z,20.0
2019-01-10T10:50:00Z,1.0
2019-01-10T11:05:00Z,3.0
2019-01-10T11:15:00Z,2.0
2019-01-10T11:35:00Z,2.0
2019-01-10T12:05:00Z,1.0
2019-01-10T12:55:00Z,4.0
2019-01-10T13:50:00Z,1.0
2019-01-10T13:55:00Z,2.0
2019-01-10T14:20:00Z,1.0
2019-01-10T15:30:00Z,2.0
2019-01-10T15:45:00Z,1.0
2019-01-10T15:50:00Z,4.0
2019-01-10T16:05:00Z,3.0
2019-01-10T16:10:00Z,1.0
2019-01-10T16:25:00Z,1.0
2019-01-10T16:55:00Z,2.0
2019-01-10T17:50:00Z,1.0
2019-01-10T18:20:00Z,1.0
2019-01-10T19:00:00Z,1.0
2019-01-10T23:40:00Z,2.0
2019-01-10T23:50:00Z,1.0
2019-01-11T00:30:00Z,1.0
2019-01-11T01:00:00Z,1.0
2019-01-11T01:40:00Z,1.0
2019-01-11T02:00:00Z,1.0
2019-01-11T03:05:00Z,1.0
2019-01-11T03:20:00Z,1.0
2019-01-11T03:45:00Z,1.0
2019-01-11T03:55:00Z,1.0
2019-01-11T04:40:00Z,2.0
2019-01-11T04:45:00Z,3.0
2019-01-11T05:45:00Z,1.0
2019-01-11T06:25:00Z,1.0
2019-01-11T06:30:00Z,4.0
2019-01-11T06:55:00Z,1.0
2019-01-11T07:00:00Z,1.0
2019-01-11T07:05:00Z,12.0
2019-01-11T07:10:00Z,9.0
2019-01-11T07:20:00Z,3.0
2019-01-11T07:25:00Z,20.0
2019-01-11T07:30:00Z,23.0
2019-01-11T07:35:00Z,35.0
2019-01-11T07:40:00Z,5.0
2019-01-11T08:05:00Z,2.0
2019-01-11T08:15:00Z,16.0
2019-01-11T08:20:00Z,39.0
2019-01-11T08:25:00Z,1.0
2019-01-11T08:40:00Z,3.0
2019-01-11T08:50:00Z,1.0
2019-01-11T09:00:00Z,3.0
2019-01-11T09:05:00Z,3.0
2019-01-11T09:50:00Z,4.0
2019-01-11T10:10:00Z,2.0
2019-01-11T10:20:00Z,1.0
2019-01-11T11:20:00Z,1.0
2019-01-11T11:25:00Z,1.0
2019-01-11T11:35:00Z,1.0
2019-01-11T11:50:00Z,2.0
2019-01-11T12:40:00Z,1.0
2019-01-11T12:55:00Z,4.0
2019-01-11T13:05:00Z,1.0
2019-01-11T13:25:00Z,1.0
2019-01-11T13:50:00Z,1.0
2019-01-11T14:15:00Z,1.0
2019-01-11T14:40:00Z,1.0
2019-01-11T15:10:00Z,2.0
2019-01-11T15:20:00Z,1.0
2019-01-11T15:45:00Z,1.0
2019-01-11T17:25:00Z,2.0
2019-01-11T17:30:00Z,1.0
2019-01-11T17:35:00Z,1.0
2019-01-11T20:05:00Z,1.0
2019-01-11T21:25:00Z,9.0
2019-01-11T21:30:00Z,5.0
2019-01-11T21:50:00Z,1.0
2019-01-11T22:00:00Z,1.0
2019-01-11T22:15:00Z,1.0
2019-01-11T22:35:00Z,5.0
2019-01-11T23:10:00Z,2.0
2019-01-11T23:25:00Z,1.0
2019-01-12T00:00:00Z,1.0
2019-01-12T01:20:00Z,1.0
2019-01-12T01:40:00Z,1.0
2019-01-12T07:30:00Z,1.0
2019-01-12T08:50:00Z,1.0
2019-01-12T09:05:00Z,1.0
2019-01-12T15:30:00Z,22.0
2019-01-12T15:35:00Z,11.0
2019-01-12T15:55:00Z,1.0
2019-01-12T16:05:00Z,1.0
2019-01-12T17:20:00Z,1.0
2019-01-12T17:25:00Z,1.0
2019-01-12T17:30:00Z,2.0
2019-01-12T18:05:00Z,1.0
2019-01-12T18:15:00Z,2.0
2019-01-12T22:55:00Z,1.0
2019-01-12T23:10:00Z,1.0
2019-01-12T23:15:00Z,1.0
2019-01-12T23:50:00Z,1.0
2019-01-12T23:55:00Z,2.0
2019-01-13T00:40:00Z,1.0
2019-01-13T01:10:00Z,1.0
2019-01-13T11:55:00Z,2.0
2019-01-13T12:00:00Z,4.0
2019-01-13T12:35:00Z,1.0
2019-01-13T22:40:00Z,2.0
2019-01-14T00:55:00Z,1.0
2019-01-14T01:15:00Z,1.0
2019-01-14T02:35:00Z,1.0
2019-01-14T02:40:00Z,1.0
2019-01-14T04:00:00Z,1.0
2019-01-14T05:10:00Z,1.0
2019-01-14T05:25:00Z,1.0
2019-01-14T05:35:00Z,1.0
2019-01-14T06:10:00Z,1.0
2019-01-14T07:15:00Z,1.0
2019-01-14T07:30:00Z,1.0
2019-01-14T07:40:00Z,1.0
2019-01-14T08:05:00Z,1.0
2019-01-14T08:35:00Z,1.0
2019-01-14T08:55:00Z,1.0
2019-01-14T09:25:00Z,2.0
2019-01-14T09:35:00Z,1.0
2019-01-14T09:40:00Z,1.0
2019-01-14T09:45:00Z,2.0
2019-01-14T09:50:00Z,2.0
2019-01-14T10:10:00Z,1.0
2019-01-14T10:20:00Z,2.0
2019-01-14T11:15:00Z,1.0
2019-01-14T11:20:00Z,1.0
2019-01-14T11:50:00Z,1.0
2019-01-14T11:55:00Z,2.0
2019-01-14T13:05:00Z,1.0
2019-01-14T13:10:00Z,1.0
2019-01-14T13:40:00Z,1.0
2019-01-14T13:50:00Z,2.0
2019-01-14T13:55:00Z,2.0
2019-01-14T14:00:00Z,2.0
2019-01-14T14:05:00Z,4.0
2019-01-14T14:10:00Z,1.0
2019-01-14T15:05:00Z,5.0
2019-01-14T15:10:00Z,5.0
2019-01-14T15:20:00Z,3.0
2019-01-14T15:30:00Z,1.0
2019-01-14T15:45:00Z,3.0
2019-01-14T15:55:00Z,1.0
2019-01-14T16:05:00Z,1.0
2019-01-14T16:40:00Z,2.0
2019-01-14T17:15:00Z,1.0
2019-01-14T17:25:00Z,2.0
2019-01-14T17:30:00Z,4.0
2019-01-14T17:50:00Z,3.0
2019-01-14T17:55:00Z,16.0
2019-01-14T18:00:00Z,117.0
2019-01-14T18:05:00Z,149.0
2019-01-14T18:10:00Z,138.0
2019-01-14T18:15:00Z,49.0
2019-01-14T18:20:00Z,71.0
2019-01-14T18:25:00Z,120.0
2019-01-14T18:30:00Z,39.0
2019-01-14T18:35:00Z,218.0
2019-01-14T18:40:00Z,191.0
2019-01-14T18:45:00Z,276.0
2019-01-14T18:50:00Z,299.0
2019-01-14T18:55:00Z,375.0
2019-01-14T19:00:00Z,166.0
2019-01-14T19:05:00Z,93.0
2019-01-14T19:10:00Z,136.0
2019-01-14T19:15:00Z,77.0
2019-01-14T19:20:00Z,128.0
2019-01-14T19:25:00Z,184.0
2019-01-14T19:30:00Z,164.0
2019-01-14T19:35:00Z,359.0
2019-01-14T19:40:00Z,103.0
2019-01-14T19:45:00Z,234.0
2019-01-14T19:50:00Z,569.0
2019-01-14T19:55:00Z,512.0
2019-01-14T20:00:00Z,518.0
2019-01-14T20:05:00Z,615.0
2019-01-14T20:10:00Z,813.0
2019-01-14T20:15:00Z,787.0
2019-01-14T20:20:00Z,795.0
2019-01-14T20:25:00Z,742.0
2019-01-14T20:30:00Z,453.0
2019-01-14T20:35:00Z,198.0
2019-01-14T20:40:00Z,190.0
2019-01-14T20:45:00Z,377.0
2019-01-14T20:50:00Z,366.0
2019-01-14T20:55:00Z,487.0
2019-01-14T21:00:00Z,285.0
2019-01-14T21:05:00Z,263.0
2019-01-14T21:10:00Z,90.0
2019-01-14T21:15:00Z,115.0
2019-01-14T21:20:00Z,358.0
2019-01-14T21:25:00Z,326.0
2019-01-14T21:30:00Z,163.0
2019-01-14T21:35:00Z,147.0
2019-01-14T21:40:00Z,151.0
2019-01-14T21:45:00Z,384.0
2019-01-14T21:50:00Z,205.0
2019-01-14T21:55:00Z,178.0
2019-01-14T22:00:00Z,308.0
2019-01-14T22:05:00Z,271.0
2019-01-14T22:10:00Z,261.0
2019-01-14T22:15:00Z,393.0
2019-01-14T22:20:00Z,294.0
2019-01-14T22:25:00Z,647.0
2019-01-14T22:30:00Z,1013.0
2019-01-14T22:35:00Z,1160.0
2019-01-14T22:40:00Z,645.0
2019-01-14T22:45:00Z,454.0
2019-01-14T22:50:00Z,432.0
2019-01-14T22:55:00Z,1060.0
2019-01-14T23:00:00Z,981.0
2019-01-14T23:05:00Z,1059.0
2019-01-14T23:10:00Z,1010.0
2019-01-14T23:15:00Z,1051.0
2019-01-14T23:20:00Z,1078.0
2019-01-14T23:25:00Z,972.0
2019-01-14T23:30:00Z,928.0
2019-01-14T23:35:00Z,502.0
2019-01-14T23:40:00Z,435.0
2019-01-14T23:45:00Z,835.0
2019-01-14T23:50:00Z,871.0
2019-01-14T23:55:00Z,1112.0
